parameter,value,seed,insured_pct,effective_price,coverage,profit_per_insurer,subsidy_per_patient,risk_mse,hhi,coverage_disparity,goal_score,convergence_month
tau,0.05,0,0.9800000000000001,173.00134045355725,0.7896173183880062,2921.5310482895557,0.0,0.012003529242180629,0.61142,0.040000000000000036,0.8048328362623905,43
tau,0.05,1,0.9650000000000001,166.9159892577727,0.7891014202226213,2877.436648940051,0.0,0.019180297963056085,0.45795,0.07999999999999996,0.7937713259089987,64
tau,0.05,2,0.9700000000000001,170.55143812601165,0.7727545555578502,2806.3683442655783,0.0,0.01784635819939361,0.44692,0.12000000000000002,0.7932972077357913,29
tau,0.05,3,0.9700000000000001,167.606512636407,0.7695954326809593,2987.011043536463,0.0,0.0053233329370583225,0.4940399999999999,0.07999999999999996,0.7929511559581903,20
tau,0.05,4,0.9399999999999998,169.89911604968088,0.7686068344623938,2753.547655551372,0.0,0.004635281780265071,0.45348000000000005,0.12000000000000002,0.7778289579027392,15
tau,0.05,5,0.9800000000000001,163.93027773754952,0.7731194980223146,2737.928869944254,0.0,0.0062008325085022836,0.5587,0.040000000000000036,0.802464335840406,113
tau,0.05,6,0.99,166.1538928549417,0.7529607486904946,2809.9944927674405,0.0,0.012223659195430442,0.48396000000000006,0.040000000000000036,0.7933227316540272,33
tau,0.05,7,0.983,150.17932753528515,0.7782278662277654,2896.8611667225555,0.19304170673932533,0.006311223225598785,0.5434300000000001,0.06799999999999998,0.8044032897670352,27
tau,0.05,8,0.99,166.42721191093756,0.7779034732963026,2997.241438067188,0.0,0.006302675208772047,0.5598599999999999,0.040000000000000036,0.8002615020500448,36
tau,0.05,9,0.9800000000000001,167.4231135079852,0.7909447789229875,3036.7991418655247,0.0,0.0063585679227557285,0.5813599999999999,0.040000000000000036,0.8086444801048296,72
tau,0.05,10,0.99,154.78442636703804,0.7639457056666908,2818.4957756515587,0.0,0.007400747023876714,0.56702,0.040000000000000036,0.7937166835735683,120
tau,0.05,11,0.99,171.24261006719354,0.7766474698665913,2960.730967098527,0.0,0.008570753430189412,0.5395999999999999,0.040000000000000036,0.8036665589509185,23
tau,0.05,12,0.9700000000000001,174.0922156911225,0.80241690871954,2975.927958890573,0.0,0.008523602912616602,0.46014,0.07999999999999996,0.7990713537810682,35
tau,0.05,13,0.9800000000000001,167.8233518142874,0.7662860530590284,2718.404524423523,0.0,0.005078860778988742,0.5505399999999999,0.040000000000000036,0.7905552943659803,42
tau,0.05,14,0.9600000000000002,168.8874686576009,0.7853391465068807,3022.154856632604,0.0,0.02360050597771934,0.5214000000000001,0.07999999999999996,0.7883190410495013,34
tau,0.05,15,0.99,166.26302588333962,0.7753861870382716,3092.2737090355663,0.0,0.009643802443684846,0.49268,0.040000000000000036,0.8059607029968696,82
tau,0.05,16,0.99,163.02844839217806,0.7751563148469941,2867.195964960708,0.0,0.009616980931405034,0.45394000000000007,0.040000000000000036,0.8086508780561497,14
tau,0.05,17,0.9800000000000001,163.3692358581284,0.760807847328753,2801.5608328551552,0.0,0.00482072478854981,0.55088,0.07999999999999996,0.7989474788401635,112
tau,0.05,18,0.9600000000000002,164.8716133338399,0.7756402826618929,2810.9229606434837,0.0,0.012372527616265366,0.5635399999999999,0.0,0.780445950760827,33
tau,0.05,19,0.9700000000000001,166.5254134601385,0.7760147127396666,2641.3022950161526,0.0,0.02287260770790838,0.61858,0.07999999999999996,0.7986143958111013,20
tau,0.05,20,0.9700000000000001,165.01135433744307,0.7849362599753776,2813.101924036259,0.0,0.03581851073929479,0.7183399999999999,0.040000000000000036,0.7955351715149582,120
tau,0.05,21,0.99,158.454483134572,0.7729847244629996,2831.4899906394758,0.0,0.02675797112018032,0.45926,0.040000000000000036,0.807234899141377,14
tau,0.05,22,0.99,159.3639502679885,0.7633387792153172,2782.278287592987,0.0,0.008053509307971532,0.5886399999999999,0.040000000000000036,0.8055587427747856,120
tau,0.05,23,1.0,158.223182017243,0.7632055700423085,2949.838850187384,0.0,0.009939644771810384,0.5165400000000002,0.0,0.8036862312301677,14
tau,0.05,24,0.99,152.48598778450184,0.762592760119695,2550.0235762094626,0.0,0.01013640507929555,0.5699399999999999,0.040000000000000036,0.8024568067914031,113
tau,0.05,25,0.9700000000000001,169.11538743760764,0.7905066666895939,3147.214777082569,0.0,0.0084352145624304,0.48216000000000003,0.040000000000000036,0.7951831631321713,120
tau,0.05,26,0.9700000000000001,167.62730842540003,0.7957828087946359,2745.8532540232636,0.0,0.01730526325373653,0.4992400000000001,0.07999999999999996,0.799410896306792,23
tau,0.05,27,0.9700000000000001,167.42803840000926,0.7844744998246991,2896.177767928301,0.0,0.006206610683375576,0.6073000000000001,0.07999999999999996,0.7896866819702566,40
tau,0.05,28,0.9600000000000002,164.00865699256548,0.7649854111474746,2727.199840793453,0.0,0.01956617851386475,0.38168,0.07999999999999996,0.7795870838170645,60
tau,0.05,29,0.9700000000000001,169.54088014071885,0.7959337296419103,3036.050668105472,0.0,0.0039661958868216236,0.5622199999999999,0.07999999999999996,0.7983740720658214,41
tau,0.075,0,0.9700000000000001,175.9860813452347,0.7880832421371127,2904.3552522737136,0.0,0.012185722901282175,0.58714,0.07999999999999996,0.7972673405473084,43
tau,0.075,1,0.9650000000000001,168.0531262967945,0.7910801454397436,2864.2599560687568,0.0,0.019098346906848793,0.45529000000000003,0.07999999999999996,0.7935097063853049,64
tau,0.075,2,0.9600000000000002,172.69337753571227,0.7740781629694866,2788.108842031726,0.0,0.017866309317420597,0.48007999999999995,0.16000000000000006,0.7871432549849215,29
tau,0.075,3,0.9600000000000002,172.48830861014295,0.7720011664567025,2961.4097108724714,0.0,0.005208601571808389,0.48912000000000005,0.12000000000000002,0.7850923357404593,20
tau,0.075,4,0.93,172.85697794757908,0.7687622219423846,2720.592868738785,0.0,0.004575804684287215,0.4648600000000001,0.12000000000000002,0.7707385180662667,15
tau,0.075,5,0.9600000000000002,168.11991840758031,0.7688028431539922,2682.1835762187525,0.0,0.006142160444751956,0.4964400000000001,0.07999999999999996,0.7881162782515834,113
tau,0.075,6,0.9800000000000001,167.11972121503877,0.7537250782220972,2774.9984567895162,0.0,0.012200607965163934,0.4721,0.040000000000000036,0.7878104571696107,33
tau,0.075,7,0.9630000000000001,166.05296402715877,0.7802635565732188,2865.3755409790347,0.1933460868519238,0.006397898647631878,0.49467,0.06799999999999998,0.7822706649401325,27
tau,0.075,8,0.9800000000000001,171.08715038141958,0.7796248998045476,2980.912204774743,0.0,0.006498734555422099,0.52956,0.040000000000000036,0.7921894472893605,34
tau,0.075,9,0.9800000000000001,165.96517239743832,0.79062947015319,3048.5152060642404,0.0,0.006386655018805672,0.5521,0.040000000000000036,0.8095827211893486,72
tau,0.075,10,0.99,163.45826120798057,0.7651219810536254,2821.537298330311,0.0,0.007404527113022251,0.5953999999999999,0.040000000000000036,0.786758440872904,120
tau,0.075,11,0.9700000000000001,175.8647861770749,0.7768634829932197,2890.7240458335777,0.0,0.008627558224409679,0.5418399999999999,0.07999999999999996,0.7903758641938486,23
tau,0.075,12,0.9700000000000001,171.92428508018946,0.802503405156548,2981.1122739280063,0.0,0.008470394458921799,0.46900000000000014,0.07999999999999996,0.8006744663331217,120
tau,0.075,13,0.9800000000000001,171.8708134560216,0.7672689720837367,2726.8799430658596,0.0,0.005236526144361075,0.4918600000000001,0.040000000000000036,0.7877300134725604,42
tau,0.075,14,0.9499999999999998,174.7940867782982,0.7875765518430196,2988.825812544822,0.0,0.023738061675706926,0.52094,0.07999999999999996,0.7795388828284031,34
tau,0.075,15,0.9800000000000001,169.3862585523382,0.7756976040840884,3048.994241141458,0.0,0.009600372423846421,0.4795400000000001,0.040000000000000036,0.7987688665113492,82
tau,0.075,16,0.9800000000000001,170.81431671358553,0.7783063201011199,2827.216976257654,0.0,0.00953604436437255,0.52302,0.040000000000000036,0.7989176186217459,14
tau,0.075,17,0.9600000000000002,167.59200952387465,0.7607115242319236,2760.723948963801,0.0,0.004776277310851454,0.54116,0.12000000000000002,0.785834864037429,113
tau,0.075,18,0.9499999999999998,170.61870833938022,0.7762500949206321,2775.4088751226604,0.0,0.012453431730354316,0.5940399999999999,0.039999999999999925,0.7710207629473109,33
tau,0.075,19,0.9700000000000001,168.1751298139173,0.7756358991825462,2648.146041991758,0.0,0.023452414504479293,0.6310400000000002,0.07999999999999996,0.7973199963828478,20
tau,0.075,20,0.9499999999999998,174.29805898174817,0.7831762677039106,2790.374636010101,0.0,0.035555516690078816,0.6415000000000001,0.039999999999999925,0.7779751933895135,120
tau,0.075,21,1.0,164.3035356553579,0.7713017884519496,2858.0555467654794,0.0,0.026774367102973373,0.46134000000000003,0.0,0.8073127819620641,14
tau,0.075,22,0.9700000000000001,165.1053628446287,0.763806708563249,2731.905404969999,0.0,0.007928805362993462,0.52668,0.040000000000000036,0.7914317288415017,120
tau,0.075,23,0.9800000000000001,164.4842567620167,0.7628973960165105,2894.70529554149,0.0,0.009782815914888826,0.52472,0.040000000000000036,0.7886362553932242,14
tau,0.075,24,0.9600000000000002,162.54847528326593,0.7614133735526594,2475.9711596068228,0.0,0.01023373255851344,0.4632600000000001,0.07999999999999996,0.7790972332407102,113
tau,0.075,25,0.9700000000000001,172.41465495851904,0.7922609718466634,3159.0229917060083,0.0,0.008422923076352673,0.49576000000000003,0.040000000000000036,0.7932325019943892,120
tau,0.075,26,0.9700000000000001,170.31182690445183,0.7963980530152306,2750.7678484256803,0.0,0.017351576136842486,0.48638000000000003,0.07999999999999996,0.7976044732584231,23
tau,0.075,27,0.9600000000000002,173.68034792810323,0.7847179690610174,2902.2135196588565,0.0,0.0064712366089111645,0.6327200000000002,0.07999999999999996,0.7798810584967265,40
tau,0.075,28,0.9499999999999998,168.23738927385227,0.7645515034172004,2705.883121166807,0.0,0.019605427603045993,0.36344000000000004,0.07999999999999996,0.7711071475747835,60
tau,0.075,29,0.9600000000000002,172.84167521769166,0.7964358786687166,3059.8364441479284,0.0,0.0038375129524746768,0.5413199999999999,0.12000000000000002,0.7910830589198486,41
tau,0.1,0,0.9700000000000001,172.01653906372104,0.7880832421371127,2904.3552522737136,0.0,0.012185722901282175,0.58714,0.07999999999999996,0.8000678313399702,43
tau,0.1,1,0.9650000000000001,163.9908127015095,0.7910801454397436,2864.2599560687568,0.0,0.019098346906848793,0.45529000000000003,0.07999999999999996,0.7965633325340957,64
tau,0.1,2,0.9600000000000002,169.33720565223717,0.7740762626255245,2788.1302913234094,0.0,0.01786625723343506,0.48007999999999995,0.16000000000000006,0.7895734910781476,29
tau,0.1,3,0.9600000000000002,168.85965898097623,0.7720011664567025,2961.4097108724714,0.0,0.005208601571808389,0.48912000000000005,0.12000000000000002,0.7877536969253128,20
tau,0.1,4,0.93,169.99664431423474,0.7687622219423846,2720.592868738785,0.0,0.004575804684287215,0.4648600000000001,0.12000000000000002,0.7728051243956326,15
tau,0.1,5,0.9600000000000002,164.30832263313442,0.7688028431539922,2682.1835762187525,0.0,0.006142160444751956,0.4964400000000001,0.07999999999999996,0.7908941231208212,113
tau,0.1,6,0.9800000000000001,164.50831184705072,0.7536240396313965,2773.416399563305,0.0,0.012200643850995778,0.4721,0.040000000000000036,0.7897850736475014,33
tau,0.1,7,0.9630000000000001,161.17315428127137,0.7802635565732188,2865.3755409790347,0.1933460868519238,0.006397898647631878,0.49467,0.06799999999999998,0.7861881647720302,27
tau,0.1,8,0.9800000000000001,167.05825494670816,0.7796248998045476,2980.912204774743,0.0,0.006498734555422099,0.52956,0.040000000000000036,0.7952920036049773,34
tau,0.1,9,0.9700000000000001,164.11663313756426,0.7904340823262133,3021.7942854593116,0.0,0.006366187052511629,0.51196,0.07999999999999996,0.8058340820098854,72
tau,0.1,10,0.99,159.70939347227892,0.764967862746907,2822.8673600759985,0.0,0.007425276505261075,0.60564,0.040000000000000036,0.7898719182358246,120
tau,0.1,11,0.9700000000000001,172.97700665755266,0.7768634234459599,2890.724668578701,0.0,0.008627585747948124,0.5418399999999999,0.07999999999999996,0.7924724766184273,23
tau,0.1,12,0.9700000000000001,169.58704068802507,0.8025525925236279,2984.3083172273555,0.0,0.008471170992724113,0.46900000000000014,0.07999999999999996,0.8023896184200947,120
tau,0.1,13,0.9800000000000001,169.62288922507983,0.7672048978853285,2723.877217305101,0.0,0.00522105488674029,0.5168200000000001,0.040000000000000036,0.7894445235204872,42
tau,0.1,14,0.9499999999999998,171.3512161048317,0.7875127012022025,2990.2938776059373,0.0,0.023774853092258522,0.51162,0.07999999999999996,0.7821143870165893,34
tau,0.1,15,0.9800000000000001,167.1609521148191,0.7761300703160916,3049.010476826497,0.0,0.009552630117545504,0.4687200000000001,0.040000000000000036,0.8005264530115322,82
tau,0.1,16,0.9800000000000001,166.8064920334853,0.7783043058680408,2827.2389361687647,0.0,0.009536123633328036,0.52302,0.040000000000000036,0.8018402602612111,14
tau,0.1,17,0.9600000000000002,163.44787492535878,0.7626977020664956,2752.0123483958764,0.0,0.004753001666106783,0.54018,0.12000000000000002,0.7894567748175934,113
tau,0.1,18,0.9499999999999998,165.66286847154691,0.7762500949206321,2775.4088751226604,0.0,0.012453431730354316,0.5940399999999999,0.039999999999999925,0.7749959027426796,33
tau,0.1,19,0.9700000000000001,164.84218761223133,0.7756358991825462,2648.146041991758,0.0,0.023452414504479293,0.6310400000000002,0.07999999999999996,0.7997055146384818,20
tau,0.1,20,0.9499999999999998,170.93280965745683,0.7834505558788004,2789.7539188141836,0.0,0.035555713397312276,0.6415000000000001,0.039999999999999925,0.7806056639031109,120
tau,0.1,21,0.99,161.97509187243242,0.7731830534429129,2846.1779269991707,0.0,0.026672869064293538,0.43916000000000005,0.040000000000000036,0.804635568593446,14
tau,0.1,22,0.9600000000000002,164.00182017449941,0.7637134142489043,2702.95552883473,0.0,0.007836905686909456,0.50742,0.07999999999999996,0.7872239642217169,120
tau,0.1,23,0.9800000000000001,160.25980992105514,0.7628973960165105,2894.70529554149,0.0,0.009782815914888826,0.52472,0.040000000000000036,0.7919814534821044,14
tau,0.1,24,0.9600000000000002,158.74596691850212,0.7623040161298752,2472.622190847086,0.0,0.010233745894504922,0.4632600000000001,0.07999999999999996,0.7823897995766738,113
tau,0.1,25,0.9700000000000001,168.08607754849118,0.7927192227293626,3161.122964363089,0.0,0.00843071982002818,0.4948200000000001,0.040000000000000036,0.7966198628059776,120
tau,0.1,26,0.9700000000000001,165.70163908495402,0.7963980530152306,2750.7678484256803,0.0,0.017351576136842486,0.48638000000000003,0.07999999999999996,0.8010236959735331,23
tau,0.1,27,0.9600000000000002,169.0155803189576,0.7847179690610174,2902.2135196588565,0.0,0.0064712366089111645,0.6327200000000002,0.07999999999999996,0.7835212347117169,40
tau,0.1,28,0.9499999999999998,165.1119909301054,0.7645515034172004,2705.883121166807,0.0,0.019605427603045993,0.36344000000000004,0.07999999999999996,0.7735827127748677,60
tau,0.1,29,0.9600000000000002,168.65355567706155,0.7970570971745644,3059.4390300001605,0.0,0.0038515000899761844,0.54198,0.12000000000000002,0.7943673052246902,41
tau,0.125,0,0.9700000000000001,168.0469967822073,0.7880832421371127,2904.3552522737136,0.0,0.012185722901282175,0.58714,0.07999999999999996,0.8028683221326318,43
tau,0.125,1,0.945,164.77069014871293,0.790102806275671,2794.2609877236655,0.0,0.019023858427365103,0.4503500000000001,0.16000000000000006,0.7856835863347305,64
tau,0.125,2,0.9600000000000002,165.98036539066703,0.7740762626255245,2788.1302913234094,0.0,0.01786625723343506,0.48007999999999995,0.16000000000000006,0.7920047813560331,29
tau,0.125,3,0.9600000000000002,165.7071800971332,0.7722167986471167,2955.842219258125,0.0,0.00517300024753586,0.50692,0.12000000000000002,0.7901305643569699,20
tau,0.125,4,0.93,167.13631068089038,0.7687622219423846,2720.592868738785,0.0,0.004575804684287215,0.4648600000000001,0.12000000000000002,0.7748717307249987,15
tau,0.125,5,0.9600000000000002,160.5745236142659,0.7688028431539922,2682.1835762187525,0.0,0.006142160444751956,0.4964400000000001,0.07999999999999996,0.7936152706561571,113
tau,0.125,6,0.9800000000000001,160.80944273747548,0.7536240396313965,2773.416399563305,0.0,0.012200643850995778,0.4721,0.040000000000000036,0.7926249066234529,33
tau,0.125,7,0.9630000000000001,156.55315541669205,0.7802635565732188,2865.3755409790347,0.1933460868519238,0.006397898647631878,0.49467,0.06799999999999998,0.7898970890370818,27
tau,0.125,8,0.9800000000000001,163.48935633962736,0.7796248998045476,2980.912204774743,0.0,0.006498734555422099,0.52956,0.040000000000000036,0.7980404611400722,34
tau,0.125,9,0.9700000000000001,159.7310575221385,0.7904340823262133,3021.7942854593116,0.0,0.006366187052511629,0.51196,0.07999999999999996,0.8089417597947073,72
tau,0.125,10,0.99,155.639626182342,0.7649365067460427,2823.958337244508,0.0,0.007425961955060016,0.60564,0.040000000000000036,0.7932929031221956,120
tau,0.125,11,0.9700000000000001,170.0892036886864,0.7768634234459599,2890.724668578701,0.0,0.008627585747948124,0.5418399999999999,0.07999999999999996,0.7945691239290078,23
tau,0.125,12,0.9700000000000001,166.37776349511373,0.8036303349896986,2987.0330501253625,0.0,0.008536525220786498,0.46304000000000006,0.07999999999999996,0.8050477759346307,35
tau,0.125,13,0.9800000000000001,166.38298026123007,0.7672048978853285,2723.877217305101,0.0,0.00522105488674029,0.5168200000000001,0.040000000000000036,0.7919423293891676,42
tau,0.125,14,0.9499999999999998,167.32562739540467,0.7875127012022025,2990.2938776059373,0.0,0.023774853092258522,0.51162,0.07999999999999996,0.7851482551784864,34
tau,0.125,15,0.9800000000000001,163.7835088596642,0.7761300703160916,3049.010476826497,0.0,0.009552630117545504,0.4687200000000001,0.040000000000000036,0.8029976710903407,82
tau,0.125,16,0.9800000000000001,162.70184210317842,0.7780231390107633,2830.673157098754,0.0,0.009537323854193354,0.5119,0.040000000000000036,0.8047498235005068,14
tau,0.125,17,0.9600000000000002,159.57480230320147,0.7626977020664956,2752.0123483958764,0.0,0.004753001666106783,0.54018,0.12000000000000002,0.7922849490017965,113
tau,0.125,18,0.9499999999999998,161.011303004479,0.7762500949206321,2775.4088751226604,0.0,0.012453431730354316,0.5940399999999999,0.039999999999999925,0.7787269803182326,33
tau,0.125,19,0.9700000000000001,161.26714927670315,0.775912755109931,2648.8935240404217,0.0,0.023450170166738095,0.62448,0.07999999999999996,0.8023472186598355,20
tau,0.125,20,0.9499999999999998,167.34086567615796,0.7834505558788004,2789.7539188141836,0.0,0.035555713397312276,0.6415000000000001,0.039999999999999925,0.7833255023066776,120
tau,0.125,21,0.99,157.9223699410408,0.7731944116867334,2846.049759453442,0.0,0.02668703666018001,0.43916000000000005,0.040000000000000036,0.8076994957910039,14
tau,0.125,22,0.9600000000000002,160.9851930434324,0.7637134142489043,2702.95552883473,0.0,0.007836905686909456,0.50742,0.07999999999999996,0.789465991772677,120
tau,0.125,23,0.9800000000000001,156.5412475866379,0.7628973960165105,2894.70529554149,0.0,0.009782815914888826,0.52472,0.040000000000000036,0.7949261082639622,14
tau,0.125,24,0.9600000000000002,154.2685914950933,0.7617799303972607,2477.4221951201785,0.0,0.01025226155243706,0.4622800000000001,0.07999999999999996,0.7857949720006765,113
tau,0.125,25,0.9700000000000001,163.45060216547995,0.7927192227293626,3161.122964363089,0.0,0.00843071982002818,0.4948200000000001,0.040000000000000036,0.8001001072935539,120
tau,0.125,26,0.9700000000000001,161.69825295112543,0.7963980530152306,2750.7678484256803,0.0,0.017351576136842486,0.48638000000000003,0.07999999999999996,0.8039928740942704,23
tau,0.125,27,0.9600000000000002,164.35081270981195,0.7847179690610174,2902.2135196588565,0.0,0.0064712366089111645,0.6327200000000002,0.07999999999999996,0.7871614109267072,40
tau,0.125,28,0.9499999999999998,161.03304891129218,0.7645515034172004,2705.883121166807,0.0,0.019605427603045993,0.36344000000000004,0.07999999999999996,0.7768135607514586,60
tau,0.125,29,0.9600000000000002,164.7762175495207,0.7970570971745644,3059.4390300001605,0.0,0.0038515000899761844,0.54198,0.12000000000000002,0.7972352931749903,41
tau,0.15,0,0.9700000000000001,164.0774545006936,0.7880832421371127,2904.3552522737136,0.0,0.012185722901282175,0.58714,0.07999999999999996,0.8056688129252937,43
tau,0.15,1,0.945,160.97342789664665,0.790102806275671,2794.2609877236655,0.0,0.019023858427365103,0.4503500000000001,0.16000000000000006,0.7885379767107865,64
tau,0.15,2,0.9600000000000002,162.62352512909678,0.7740762626255245,2788.1302913234094,0.0,0.01786625723343506,0.48007999999999995,0.16000000000000006,0.7944360716339186,29
tau,0.15,3,0.9600000000000002,162.25538134698027,0.7722167986471167,2955.842219258125,0.0,0.00517300024753586,0.50692,0.12000000000000002,0.7926622177681297,20
tau,0.15,4,0.9200000000000002,167.17863263180473,0.7682772706411607,2690.591149380211,0.0,0.004609534433774308,0.46221999999999996,0.07999999999999996,0.769695579222731,15
tau,0.15,5,0.9600000000000002,157.22765380823535,0.7688028431539922,2682.1835762187525,0.0,0.006142160444751956,0.4964400000000001,0.07999999999999996,0.7960544288641234,113
tau,0.15,6,0.9800000000000001,157.11057362790024,0.7536240396313965,2773.416399563305,0.0,0.012200643850995778,0.4721,0.040000000000000036,0.7954647395994044,33
tau,0.15,7,0.9630000000000001,152.2147571932653,0.7802635565732188,2865.3755409790347,0.1933460868519238,0.006397898647631878,0.49467,0.06799999999999998,0.7933799449671319,27
tau,0.15,8,0.9800000000000001,159.92317648459183,0.7796248998045476,2980.912204774743,0.0,0.006498734555422099,0.52956,0.040000000000000036,0.8007868258198997,34
tau,0.15,9,0.9700000000000001,155.49591762523673,0.79138261144493,3019.497104114759,0.0,0.006371655279715513,0.51196,0.07999999999999996,0.8122273929504722,72
tau,0.15,10,0.99,152.26950362535666,0.765463084063221,2825.49339859735,0.0,0.007407168320824081,0.5933999999999999,0.040000000000000036,0.7962915364605563,120
tau,0.15,11,0.9700000000000001,167.20140071982016,0.7768634234459599,2890.724668578701,0.0,0.008627585747948124,0.5418399999999999,0.07999999999999996,0.7966657712395881,23
tau,0.15,12,0.9700000000000001,162.14511252476126,0.8036291084523283,2987.0478365185627,0.0,0.008536463373100503,0.46304000000000006,0.07999999999999996,0.8081267222039404,35
tau,0.15,13,0.9800000000000001,163.14307129738035,0.7672048978853285,2723.877217305101,0.0,0.00522105488674029,0.5168200000000001,0.040000000000000036,0.7944401352578481,42
tau,0.15,14,0.9499999999999998,163.38416381439254,0.7875127012022025,2990.2938776059373,0.0,0.023774853092258522,0.51162,0.07999999999999996,0.7881187227877846,34
tau,0.15,15,0.9800000000000001,160.4060656045092,0.7761300703160916,3049.010476826497,0.0,0.009552630117545504,0.4687200000000001,0.040000000000000036,0.8054688891691489,82
tau,0.15,16,0.9800000000000001,158.69321587048574,0.7780231390107633,2830.673157098754,0.0,0.009537323854193354,0.5119,0.040000000000000036,0.8076736540454738,14
tau,0.15,17,0.9600000000000002,156.097418763327,0.7626977020664956,2752.0123483958764,0.0,0.004753001666106783,0.54018,0.12000000000000002,0.7948241852401725,113
tau,0.15,18,0.9499999999999998,156.3597375374112,0.7762500949206321,2775.4088751226604,0.0,0.012453431730354316,0.5940399999999999,0.039999999999999925,0.7824580578937856,33
tau,0.15,19,0.9700000000000001,158.0746480266535,0.775912755109931,2648.8935240404217,0.0,0.023450170166738095,0.62448,0.07999999999999996,0.8046322177844154,20
tau,0.15,20,0.9499999999999998,164.38425891485613,0.7825442936604502,2791.7657406477424,0.0,0.03555580497778932,0.6415000000000001,0.039999999999999925,0.785292381450698,120
tau,0.15,21,0.99,154.54821168074128,0.7731944116867334,2846.049759453442,0.0,0.02668703666018001,0.43916000000000005,0.040000000000000036,0.8102475802604523,14
tau,0.15,22,0.9600000000000002,158.4138977579175,0.7639537525113225,2703.3302726602415,0.0,0.007836912843839286,0.50742,0.07999999999999996,0.7914491398031126,120
tau,0.15,23,0.9800000000000001,153.50728228494555,0.7630840723740901,2891.6603726043204,0.0,0.009782823347348157,0.52472,0.040000000000000036,0.7973847237697262,14
tau,0.15,24,0.9600000000000002,149.40108959357633,0.7617799303972607,2477.4221951201785,0.0,0.01025226155243706,0.4622800000000001,0.07999999999999996,0.789667681842275,113
tau,0.15,25,0.9700000000000001,159.39999004833197,0.7924638121757372,3157.981694632146,0.0,0.008430713766975045,0.4948200000000001,0.040000000000000036,0.8030646221600455,120
tau,0.15,26,0.9700000000000001,158.19247273657408,0.7963980530152306,2750.7678484256803,0.0,0.017351576136842486,0.48638000000000003,0.07999999999999996,0.8065929944826591,23
tau,0.15,27,0.9600000000000002,159.6860451006663,0.7847179690610174,2902.2135196588565,0.0,0.0064712366089111645,0.6327200000000002,0.07999999999999996,0.7908015871416976,40
tau,0.15,28,0.9499999999999998,158.73812482655168,0.7640997487353,2703.385930557803,0.0,0.019575893539939895,0.37456000000000006,0.07999999999999996,0.7784959163806814,60
tau,0.15,29,0.9600000000000002,161.24764359314074,0.7959219182370626,3065.1040776903455,0.0,0.003785309162691236,0.53526,0.12000000000000002,0.7995047730772257,40
coverage_target,0.8,0,0.9700000000000001,177.2474360576055,0.7880832421371127,2904.3552522737136,0.0,0.012185722901282175,0.58714,0.07999999999999996,0.7963774615618331,43
coverage_target,0.8,1,0.945,172.41531029490648,0.7911865106694432,2799.070738820297,0.0,0.019089972684905095,0.44055,0.12000000000000002,0.7802629556356668,64
coverage_target,0.8,2,0.9600000000000002,172.8995927656741,0.7740761704395778,2788.1314450627146,0.0,0.017866242873232872,0.48007999999999995,0.16000000000000006,0.7869932997949518,29
coverage_target,0.8,3,0.9600000000000002,171.59298896166152,0.7723170934647339,2954.4855288989047,0.0,0.005174186866992451,0.49522000000000005,0.12000000000000002,0.7858438247198409,20
coverage_target,0.8,4,0.9099999999999999,176.7724429261364,0.7687249910603255,2669.0940041019776,0.0,0.004683110957775045,0.4582800000000001,0.07999999999999996,0.7578983506663682,15
coverage_target,0.8,5,0.9399999999999998,171.64173328936968,0.7685997011895845,2617.7340676919835,0.0,0.0061192258490907845,0.49212000000000006,0.12000000000000002,0.7754887044122707,84
coverage_target,0.8,6,0.9800000000000001,168.50188589744872,0.7537250782220972,2774.9984567895162,0.0,0.012200607965163934,0.4721,0.040000000000000036,0.7867492904380974,33
coverage_target,0.8,7,0.9429999999999998,169.90356972102626,0.7815633894050606,2864.2233342571176,0.1901793452398472,0.006472887704093218,0.44593,0.10799999999999998,0.7695677565363344,27
coverage_target,0.8,8,0.9700000000000001,172.70721667178134,0.7788875554056417,2947.8963794192255,0.0,0.0064133028454359834,0.5156799999999999,0.07999999999999996,0.7857213409585995,34
coverage_target,0.8,9,0.952,171.8458727245129,0.7920609756941079,3030.846158374633,0.0,0.00634222198202212,0.51112,0.11200000000000002,0.7918455331491032,72
coverage_target,0.8,10,0.99,162.51890381100833,0.7650768474168288,2823.064565896456,0.0,0.007425194025918394,0.60564,0.040000000000000036,0.7875364879836562,120
coverage_target,0.8,11,0.9700000000000001,174.98610197046605,0.7768205242992996,2890.3154484804168,0.0,0.00862755109218612,0.5418399999999999,0.07999999999999996,0.7910009324570868,23
coverage_target,0.8,12,0.9700000000000001,173.8300396208336,0.8038077722073644,2981.571166909918,0.0,0.00853075375743572,0.47068000000000004,0.07999999999999996,0.7996793619395043,102
coverage_target,0.8,13,0.9800000000000001,171.7491808291889,0.7669058526309558,2721.0236403098334,0.0,0.005182453162618913,0.5098600000000001,0.040000000000000036,0.787719363263074,42
coverage_target,0.8,14,0.9499999999999998,173.68917906047074,0.7874090449687592,2988.461265572153,0.0,0.02374517008975206,0.53444,0.07999999999999996,0.7803212326800655,34
coverage_target,0.8,15,0.9800000000000001,168.70479794464578,0.7757948864704887,3049.63919473305,0.0,0.009600349880679974,0.4795400000000001,0.040000000000000036,0.7992966644286672,82
coverage_target,0.8,16,0.9800000000000001,170.80448580799103,0.7783063201011199,2827.216976257654,0.0,0.00953604436437255,0.52302,0.040000000000000036,0.7989247891336352,14
coverage_target,0.8,17,0.9600000000000002,167.47740700101622,0.7622577403391599,2757.715875964946,0.0,0.004752966912830418,0.54018,0.12000000000000002,0.7863823631411737,113
coverage_target,0.8,18,0.9499999999999998,171.29120479623364,0.776250795150757,2775.400918749435,0.0,0.012452972843315067,0.5940399999999999,0.039999999999999925,0.7704815566168992,33
coverage_target,0.8,19,0.9700000000000001,168.5090815937836,0.7762398023147825,2649.2561037640694,0.0,0.023207589469800387,0.6389400000000001,0.07999999999999996,0.7972619995351374,20
coverage_target,0.8,20,0.9499999999999998,173.89727834015815,0.7835234807199594,2791.8921785345983,0.0,0.03555567344753662,0.6415000000000001,0.039999999999999925,0.7783828304611543,120
coverage_target,0.8,21,0.9700000000000001,170.2923990609046,0.7728479955983243,2788.3834660396315,0.0,0.026791062850358434,0.40746000000000004,0.040000000000000036,0.7882540092830975,14
coverage_target,0.8,22,0.9600000000000002,166.14946752142623,0.7641492856560944,2699.1475424651326,0.0,0.007864934196101191,0.5163400000000001,0.07999999999999996,0.7857584423384641,120
coverage_target,0.8,23,0.9800000000000001,164.26207421941177,0.7628973960165105,2894.70529554149,0.0,0.009782815914888826,0.52472,0.040000000000000036,0.7888121332492257,14
coverage_target,0.8,24,0.9499999999999998,164.48519171201232,0.7611077325843827,2494.224616228205,0.0,0.010688202648239113,0.45976,0.12000000000000002,0.7724648286345255,30
coverage_target,0.8,25,0.9700000000000001,171.78199559018304,0.7922598308955963,3159.0357308433427,0.0,0.008422306948386436,0.49576000000000003,0.040000000000000036,0.7937071507288944,120
coverage_target,0.8,26,0.9700000000000001,170.25445871127235,0.7971553526867329,2754.240421505034,0.0,0.01736398096827798,0.4763,0.07999999999999996,0.7978742555590717,23
coverage_target,0.8,27,0.9600000000000002,173.81521915225963,0.7847179690610174,2902.2135196588565,0.0,0.0064712366089111645,0.6327200000000002,0.07999999999999996,0.7797758110195965,40
coverage_target,0.8,28,0.9499999999999998,167.78870739891303,0.7642585102508195,2705.0681252944755,0.0,0.01957886569203367,0.37302,0.07999999999999996,0.771374665407109,60
coverage_target,0.8,29,0.9600000000000002,172.47762860011676,0.7964358786687166,3059.8364441479284,0.0,0.0038375129524746768,0.5413199999999999,0.12000000000000002,0.7913523367796091,41
coverage_target,0.85,0,0.9700000000000001,174.60790924350485,0.7880832421371127,2904.3552522737136,0.0,0.012185722901282175,0.58714,0.07999999999999996,0.7982396335745353,43
coverage_target,0.85,1,0.945,170.4962193772038,0.7911865106694432,2799.070738820297,0.0,0.019089972684905095,0.44055,0.12000000000000002,0.7817055303862747,64
coverage_target,0.85,2,0.9600000000000002,171.08189928558213,0.7740762011430287,2788.131092020606,0.0,0.017866230496533936,0.48007999999999995,0.16000000000000006,0.7883098269631449,29
coverage_target,0.85,3,0.9600000000000002,170.05206069793388,0.7723170934647339,2954.4855288989047,0.0,0.005174186866992451,0.49522000000000005,0.12000000000000002,0.7869739880281873,20
coverage_target,0.85,4,0.9099999999999999,175.66655797069976,0.7687249910603255,2669.0940041019776,0.0,0.004683110957775045,0.4582800000000001,0.07999999999999996,0.7586973584540662,15
coverage_target,0.85,5,0.9399999999999998,169.89741638849978,0.7685997011895845,2617.7340676919835,0.0,0.0061192258490907845,0.49212000000000006,0.12000000000000002,0.776759941458416,84
coverage_target,0.85,6,0.9800000000000001,167.08836171303443,0.7536240396313965,2773.416399563305,0.0,0.012200643850995778,0.4721,0.040000000000000036,0.7878042220758541,33
coverage_target,0.85,7,0.9429999999999998,168.29461322790365,0.7815632982354364,2864.2243673384846,0.19017941625561263,0.006472780516967131,0.44593,0.10799999999999998,0.7708593972329604,27
coverage_target,0.85,8,0.9700000000000001,171.12494937022777,0.7788875554056417,2947.8963794192255,0.0,0.0064133028454359834,0.5156799999999999,0.07999999999999996,0.786939867002623,34
coverage_target,0.85,9,0.952,169.69493984291523,0.7920800861321213,3030.6461641965784,0.0,0.006335258849158148,0.51112,0.11200000000000002,0.7933754321553622,72
coverage_target,0.85,10,0.99,161.14482528025445,0.764967862746907,2822.8673600759985,0.0,0.007425276505261075,0.60564,0.040000000000000036,0.788661998185739,120
coverage_target,0.85,11,0.9700000000000001,174.63107042991004,0.7768634234459599,2890.724668578701,0.0,0.008627585747948124,0.5418399999999999,0.07999999999999996,0.7912715676931197,23
coverage_target,0.85,12,0.9700000000000001,171.61807854569832,0.803814336846628,2981.5074270194127,0.0,0.008531725869488506,0.47068000000000004,0.07999999999999996,0.8012905625918041,35
coverage_target,0.85,13,0.9800000000000001,170.64672703481267,0.7672689720837367,2726.8799430658596,0.0,0.005236526144361075,0.4918600000000001,0.040000000000000036,0.7886737478597696,42
coverage_target,0.85,14,0.9499999999999998,172.58862593870018,0.7877499426462397,2988.4228013260567,0.0,0.023738103668773353,0.52094,0.07999999999999996,0.781253036440843,34
coverage_target,0.85,15,0.9800000000000001,169.1594392480469,0.7761300703160916,3049.010476826497,0.0,0.009552630117545504,0.4687200000000001,0.040000000000000036,0.7990641937933027,82
coverage_target,0.85,16,0.9800000000000001,168.759602387675,0.7783043058680408,2827.2389361687647,0.0,0.009536123633328036,0.52302,0.040000000000000036,0.8004156914988011,14
coverage_target,0.85,17,0.9600000000000002,165.51234214209333,0.7626977020664956,2752.0123483958764,0.0,0.004753001666106783,0.54018,0.12000000000000002,0.7879492707101055,113
coverage_target,0.85,18,0.9499999999999998,168.41527407336216,0.7762500949206321,2775.4088751226604,0.0,0.012453431730354316,0.5940399999999999,0.039999999999999925,0.7727881645322932,33
coverage_target,0.85,19,0.9700000000000001,166.6714242240132,0.7762398989911771,2649.254608727928,0.0,0.023207589567591856,0.6389400000000001,0.07999999999999996,0.7985773124361188,20
coverage_target,0.85,20,0.9499999999999998,172.6646461973556,0.7834505558788004,2789.7539188141836,0.0,0.035555713397312276,0.6415000000000001,0.039999999999999925,0.7792943083935484,120
coverage_target,0.85,21,0.9700000000000001,169.66474542998736,0.7727810440832608,2787.7234359478184,0.0,0.026787615891834732,0.40746000000000004,0.040000000000000036,0.788707913239218,14
coverage_target,0.85,22,0.9600000000000002,165.66142974461388,0.7637134142489043,2702.95552883473,0.0,0.007836905686909456,0.50742,0.07999999999999996,0.7859905037314515,120
coverage_target,0.85,23,0.9800000000000001,162.2227520389831,0.7628973960165105,2894.70529554149,0.0,0.009782815914888826,0.52472,0.040000000000000036,0.7904270353561268,14
coverage_target,0.85,24,0.9499999999999998,162.83088156726703,0.7613662916206836,2493.0755420137284,0.0,0.010688232420324805,0.45976,0.12000000000000002,0.7738586080908805,30
coverage_target,0.85,25,0.9700000000000001,170.20276085202738,0.7927192227293626,3161.122964363089,0.0,0.00843071982002818,0.4948200000000001,0.040000000000000036,0.7950306891419182,120
coverage_target,0.85,26,0.9700000000000001,168.41148073155526,0.7971553526867329,2754.240421505034,0.0,0.01736398096827798,0.4763,0.07999999999999996,0.7992411309269352,23
coverage_target,0.85,27,0.9600000000000002,171.3629650296339,0.7847179690610174,2902.2135196588565,0.0,0.0064712366089111645,0.6327200000000002,0.07999999999999996,0.7816894405673563,40
coverage_target,0.85,28,0.9499999999999998,166.70014541799745,0.7645313785661207,2706.107423248458,0.0,0.01960029880305133,0.36344000000000004,0.07999999999999996,0.7723187271681465,60
coverage_target,0.85,29,0.9600000000000002,170.94783859276623,0.7970570971745644,3059.4390300001605,0.0,0.0038515000899761844,0.54198,0.12000000000000002,0.7926702709345719,41
coverage_target,0.9,0,0.9700000000000001,172.01653906372104,0.7880832421371127,2904.3552522737136,0.0,0.012185722901282175,0.58714,0.07999999999999996,0.8000678313399702,43
coverage_target,0.9,1,0.9650000000000001,163.9908127015095,0.7910801454397436,2864.2599560687568,0.0,0.019098346906848793,0.45529000000000003,0.07999999999999996,0.7965633325340957,64
coverage_target,0.9,2,0.9600000000000002,169.33720565223717,0.7740762626255245,2788.1302913234094,0.0,0.01786625723343506,0.48007999999999995,0.16000000000000006,0.7895734910781476,29
coverage_target,0.9,3,0.9600000000000002,168.85965898097623,0.7720011664567025,2961.4097108724714,0.0,0.005208601571808389,0.48912000000000005,0.12000000000000002,0.7877536969253128,20
coverage_target,0.9,4,0.93,169.99664431423474,0.7687622219423846,2720.592868738785,0.0,0.004575804684287215,0.4648600000000001,0.12000000000000002,0.7728051243956326,15
coverage_target,0.9,5,0.9600000000000002,164.30832263313442,0.7688028431539922,2682.1835762187525,0.0,0.006142160444751956,0.4964400000000001,0.07999999999999996,0.7908941231208212,113
coverage_target,0.9,6,0.9800000000000001,164.50831184705072,0.7536240396313965,2773.416399563305,0.0,0.012200643850995778,0.4721,0.040000000000000036,0.7897850736475014,33
coverage_target,0.9,7,0.9630000000000001,161.17315428127137,0.7802635565732188,2865.3755409790347,0.1933460868519238,0.006397898647631878,0.49467,0.06799999999999998,0.7861881647720302,27
coverage_target,0.9,8,0.9800000000000001,167.05825494670816,0.7796248998045476,2980.912204774743,0.0,0.006498734555422099,0.52956,0.040000000000000036,0.7952920036049773,34
coverage_target,0.9,9,0.9700000000000001,164.11663313756426,0.7904340823262133,3021.7942854593116,0.0,0.006366187052511629,0.51196,0.07999999999999996,0.8058340820098854,72
coverage_target,0.9,10,0.99,159.70939347227892,0.764967862746907,2822.8673600759985,0.0,0.007425276505261075,0.60564,0.040000000000000036,0.7898719182358246,120
coverage_target,0.9,11,0.9700000000000001,172.97700665755266,0.7768634234459599,2890.724668578701,0.0,0.008627585747948124,0.5418399999999999,0.07999999999999996,0.7924724766184273,23
coverage_target,0.9,12,0.9700000000000001,169.58704068802507,0.8025525925236279,2984.3083172273555,0.0,0.008471170992724113,0.46900000000000014,0.07999999999999996,0.8023896184200947,120
coverage_target,0.9,13,0.9800000000000001,169.62288922507983,0.7672048978853285,2723.877217305101,0.0,0.00522105488674029,0.5168200000000001,0.040000000000000036,0.7894445235204872,42
coverage_target,0.9,14,0.9499999999999998,171.3512161048317,0.7875127012022025,2990.2938776059373,0.0,0.023774853092258522,0.51162,0.07999999999999996,0.7821143870165893,34
coverage_target,0.9,15,0.9800000000000001,167.1609521148191,0.7761300703160916,3049.010476826497,0.0,0.009552630117545504,0.4687200000000001,0.040000000000000036,0.8005264530115322,82
coverage_target,0.9,16,0.9800000000000001,166.8064920334853,0.7783043058680408,2827.2389361687647,0.0,0.009536123633328036,0.52302,0.040000000000000036,0.8018402602612111,14
coverage_target,0.9,17,0.9600000000000002,163.44787492535878,0.7626977020664956,2752.0123483958764,0.0,0.004753001666106783,0.54018,0.12000000000000002,0.7894567748175934,113
coverage_target,0.9,18,0.9499999999999998,165.66286847154691,0.7762500949206321,2775.4088751226604,0.0,0.012453431730354316,0.5940399999999999,0.039999999999999925,0.7749959027426796,33
coverage_target,0.9,19,0.9700000000000001,164.84218761223133,0.7756358991825462,2648.146041991758,0.0,0.023452414504479293,0.6310400000000002,0.07999999999999996,0.7997055146384818,20
coverage_target,0.9,20,0.9499999999999998,170.93280965745683,0.7834505558788004,2789.7539188141836,0.0,0.035555713397312276,0.6415000000000001,0.039999999999999925,0.7806056639031109,120
coverage_target,0.9,21,0.99,161.97509187243242,0.7731830534429129,2846.1779269991707,0.0,0.026672869064293538,0.43916000000000005,0.040000000000000036,0.804635568593446,14
coverage_target,0.9,22,0.9600000000000002,164.00182017449941,0.7637134142489043,2702.95552883473,0.0,0.007836905686909456,0.50742,0.07999999999999996,0.7872239642217169,120
coverage_target,0.9,23,0.9800000000000001,160.25980992105514,0.7628973960165105,2894.70529554149,0.0,0.009782815914888826,0.52472,0.040000000000000036,0.7919814534821044,14
coverage_target,0.9,24,0.9600000000000002,158.74596691850212,0.7623040161298752,2472.622190847086,0.0,0.010233745894504922,0.4632600000000001,0.07999999999999996,0.7823897995766738,113
coverage_target,0.9,25,0.9700000000000001,168.08607754849118,0.7927192227293626,3161.122964363089,0.0,0.00843071982002818,0.4948200000000001,0.040000000000000036,0.7966198628059776,120
coverage_target,0.9,26,0.9700000000000001,165.70163908495402,0.7963980530152306,2750.7678484256803,0.0,0.017351576136842486,0.48638000000000003,0.07999999999999996,0.8010236959735331,23
coverage_target,0.9,27,0.9600000000000002,169.0155803189576,0.7847179690610174,2902.2135196588565,0.0,0.0064712366089111645,0.6327200000000002,0.07999999999999996,0.7835212347117169,40
coverage_target,0.9,28,0.9499999999999998,165.1119909301054,0.7645515034172004,2705.883121166807,0.0,0.019605427603045993,0.36344000000000004,0.07999999999999996,0.7735827127748677,60
coverage_target,0.9,29,0.9600000000000002,168.65355567706155,0.7970570971745644,3059.4390300001605,0.0,0.0038515000899761844,0.54198,0.12000000000000002,0.7943673052246902,41
coverage_target,0.95,0,0.9700000000000001,169.5023886054434,0.7880832421371127,2904.3552522737136,0.0,0.012185722901282175,0.58714,0.07999999999999996,0.8018415510059785,43
coverage_target,0.95,1,0.9700000000000001,162.24387075394216,0.7900574124705921,2879.557323429185,0.0,0.01907776382086123,0.47396000000000005,0.07999999999999996,0.8000738428306828,64
coverage_target,0.95,2,0.9700000000000001,165.94341879452503,0.7737083678402752,2811.1769492193553,0.0,0.01785691122780223,0.46708000000000005,0.12000000000000002,0.7969212010227561,28
coverage_target,0.95,3,0.9700000000000001,164.51603702893152,0.7707992772447658,2990.408644342808,0.0,0.005240704604932767,0.5143,0.07999999999999996,0.7955788727602059,20
coverage_target,0.95,4,0.9700000000000001,161.09684460919988,0.7681556399712804,2821.3516271990425,0.0,0.004395852800976918,0.4849000000000001,0.07999999999999996,0.7990533594163978,43
coverage_target,0.95,5,0.9800000000000001,159.11429040730897,0.7695470330845343,2754.1942809671623,0.0,0.006172974138702754,0.51136,0.040000000000000036,0.8049028527411901,113
coverage_target,0.95,6,0.9800000000000001,161.9904709305626,0.7536240396313965,2773.416399563305,0.0,0.012200643850995778,0.4721,0.040000000000000036,0.7917181638572449,33
coverage_target,0.95,7,0.9730000000000001,153.49061114934278,0.7772411208114685,2897.676794987848,0.19297224166348176,0.0064481123425755155,0.5248700000000001,0.06799999999999998,0.7964492929110406,27
coverage_target,0.95,8,0.99,161.70127881903184,0.7716043446013922,2999.897995853081,0.0,0.006562896602842023,0.55806,0.040000000000000036,0.8020114423197187,34
coverage_target,0.95,9,0.9800000000000001,161.66292603662654,0.7904874200293917,3056.263914822676,0.0,0.0063786732936601505,0.51356,0.040000000000000036,0.8125872438055414,72
coverage_target,0.95,10,0.99,157.32255869515797,0.7647665018421681,2819.6152343852555,0.0,0.007480756692788071,0.62886,0.040000000000000036,0.791823576414439,120
coverage_target,0.95,11,0.9700000000000001,171.38876899037834,0.7768634234459599,2890.724668578701,0.0,0.008627585747948124,0.5418399999999999,0.07999999999999996,0.7936255934582341,23
coverage_target,0.95,12,0.9700000000000001,168.8402657683252,0.8023203580217846,2987.4207870940336,0.0,0.008471511194286208,0.4612,0.07999999999999996,0.8028632464609358,120
coverage_target,0.95,13,0.9800000000000001,167.77758186590574,0.7672048978853285,2723.877217305101,0.0,0.00522105488674029,0.5168200000000001,0.040000000000000036,0.7908671621201184,42
coverage_target,0.95,14,0.9600000000000002,167.2456835648694,0.7869322250205893,3024.4945935231435,0.0,0.023612390307721613,0.5360600000000001,0.07999999999999996,0.79003432544963,34
coverage_target,0.95,15,0.9800000000000001,165.2373113695172,0.7761300703160916,3049.010476826497,0.0,0.009552630117545504,0.4687200000000001,0.040000000000000036,0.8019339483942206,82
coverage_target,0.95,16,0.99,161.22169051838083,0.7778719687791675,2857.7288037879443,0.0,0.009541265607767888,0.5301600000000001,0.040000000000000036,0.8107837901670119,14
coverage_target,0.95,17,0.99,155.63524328203482,0.7618556372609836,2826.934092935441,0.0,0.0048259996456091764,0.55718,0.040000000000000036,0.8099092360749163,112
coverage_target,0.95,18,0.9600000000000002,159.38163406775485,0.7757329449966996,2809.2912627811443,0.0,0.012335379628288486,0.61216,0.0,0.7848789417345923,33
coverage_target,0.95,19,0.99,159.63952767303147,0.7738240789815202,2714.379604127936,0.0,0.022676460067871405,0.6317999999999999,0.040000000000000036,0.8128856983496447,20
coverage_target,0.95,20,0.99,162.33949399388453,0.7834483806899949,2885.2270357277903,0.0,0.035812534292254214,0.70638,0.040000000000000036,0.807111835403863,120
coverage_target,0.95,21,1.0,159.66027982012957,0.7716119024611868,2865.6817670207975,0.0,0.026800208007726773,0.44826,0.0,0.8109122034716114,14
coverage_target,0.95,22,0.99,157.4738461844275,0.7639035081193672,2793.741972079702,0.0,0.00790611471983265,0.5412800000000001,0.040000000000000036,0.8071326954435636,120
coverage_target,0.95,23,1.0,155.17986192989073,0.7635923839190665,2956.428772430438,0.0,0.00970085296913532,0.53098,0.0,0.8062123594276456,14
coverage_target,0.95,24,0.9700000000000001,152.47732225242808,0.7617101323729103,2517.7847284843147,0.0,0.010331568410161364,0.47522000000000003,0.07999999999999996,0.7921986498828109,30
coverage_target,0.95,25,0.9700000000000001,163.7518630035777,0.7915218438000451,3153.985036710647,0.0,0.008440417698934857,0.5036400000000001,0.040000000000000036,0.799514697868664,120
coverage_target,0.95,26,0.9800000000000001,161.4493638075172,0.7947098155857271,2766.939583610536,0.0,0.017358387167191215,0.5109000000000001,0.07999999999999996,0.80867100244476,23
coverage_target,0.95,27,0.9600000000000002,166.78157754103236,0.7847179690610174,2902.2135196588565,0.0,0.0064712366089111645,0.6327200000000002,0.07999999999999996,0.7852645506617939,40
coverage_target,0.95,28,0.99,155.2815327570575,0.7648098242009767,2833.3332691979244,0.0,0.019582439957747055,0.41136,0.040000000000000036,0.801446856061147,60
coverage_target,0.95,29,0.9700000000000001,164.72149953557596,0.79617295645744,3041.7824223644425,0.0,0.003963357096490984,0.56054,0.07999999999999996,0.8020105353408526,41
coverage_target,0.98,0,0.99,164.70387183147017,0.7883260852956908,2961.36590087781,0.0,0.01194754388692853,0.58424,0.040000000000000036,0.8152998345983609,43
coverage_target,0.98,1,0.9800000000000001,159.52694814699058,0.7896238556133823,2919.697875182147,0.0,0.01905986651796531,0.4869600000000001,0.07999999999999996,0.806985883764062,64
coverage_target,0.98,2,0.99,161.55033981626352,0.7735597766766589,2867.2805844749714,0.0,0.017862745767087858,0.48318000000000005,0.040000000000000036,0.8100583883850012,29
coverage_target,0.98,3,0.99,160.2878358836386,0.7706774830048567,3045.3832687764148,0.0,0.005345514353091912,0.49750000000000005,0.040000000000000036,0.8086432890427998,20
coverage_target,0.98,4,0.99,157.36254438453892,0.7679962546532374,2882.5893525990973,0.0,0.004361982106920679,0.51814,0.040000000000000036,0.8117036259852168,14
coverage_target,0.98,5,0.99,156.72030345624785,0.7697026157177651,2735.563126034794,0.0,0.006291223395883232,0.522,0.040000000000000036,0.8116941262232457,84
coverage_target,0.98,6,0.99,158.88526622497966,0.7530677071143901,2807.9813073287405,0.0,0.012219824183740112,0.49374,0.040000000000000036,0.7989351777191362,33
coverage_target,0.98,7,0.993,149.76615259085105,0.7772285634070651,2945.0246309501917,0.19307284039285252,0.006391143026638675,0.55085,0.028000000000000025,0.8094350992100748,27
coverage_target,0.98,8,0.99,160.91526118308926,0.7716043030228008,2999.898340495514,0.0,0.006562947622106174,0.55806,0.040000000000000036,0.8026167529505963,34
coverage_target,0.98,9,1.0,157.34191416904508,0.790302939140888,3124.280899349452,0.0,0.00643898165837786,0.54104,0.0,0.8255938592257225,72
coverage_target,0.98,10,0.99,157.44420702310836,0.7641629537668544,2817.5107397231804,0.0,0.007525752544014083,0.6477,0.040000000000000036,0.7915399666762359,120
coverage_target,0.98,11,1.0,165.30431487331666,0.776340474161447,2990.017239112612,0.0,0.008612579026364458,0.56226,0.0,0.8128858178416494,23
coverage_target,0.98,12,0.99,164.42947796748905,0.8022132128745328,3052.47599839588,0.0,0.008500377550280134,0.48652000000000006,0.040000000000000036,0.8160399985476662,120
coverage_target,0.98,13,0.9800000000000001,166.71640496283712,0.765872287282961,2723.1483435127598,0.0,0.005183317689444416,0.52952,0.040000000000000036,0.7912856141272135,42
coverage_target,0.98,14,0.9800000000000001,162.5707185174055,0.7869430554908904,3080.5637081901455,0.0,0.023588343270761224,0.5647399999999999,0.040000000000000036,0.8035608521578507,40
coverage_target,0.98,15,0.99,162.46135282053652,0.7753934797942001,3087.7210180514317,0.0,0.00955870505445467,0.48210000000000014,0.040000000000000036,0.8087444870563246,82
coverage_target,0.98,16,1.0,158.47492828914102,0.7760473975064515,2884.8467539920034,0.0,0.0096181135153731,0.5082599999999999,0.0,0.8172397290845815,14
coverage_target,0.98,17,1.0,152.97084089907813,0.7614374081885421,2859.5174068381953,0.0,0.0049121344660729305,0.54778,0.0,0.8167293198051466,112
coverage_target,0.98,18,0.99,153.27969623838598,0.776866505245405,2836.2024955576285,0.0,0.012476501448881898,0.6098,0.040000000000000036,0.8051134951694573,34
coverage_target,0.98,19,0.99,158.90482234120913,0.7735646770961593,2715.0249286123335,0.0,0.022719005803472286,0.63322,0.040000000000000036,0.8133333195882422,20
coverage_target,0.98,20,1.0,160.00095453041237,0.781430281923903,2927.7719523143323,0.0,0.036170970538316104,0.71776,0.0,0.8132765669523854,120
coverage_target,0.98,21,1.0,155.26015200721855,0.7691927471251425,2883.376639357162,0.0,0.02682453497654999,0.4354,0.0,0.8135091975258568,24
coverage_target,0.98,22,1.0,155.04002967564756,0.7641680627835876,2833.6197222354194,0.0,0.007932576018033644,0.5555,0.0,0.8140209033979033,120
coverage_target,0.98,23,1.0,153.91987137015894,0.7622567099694451,2953.5740667257464,0.0,0.009911008207702823,0.5532,0.0,0.8068092629026378,14
coverage_target,0.98,24,0.99,148.36335043161415,0.7621964704880761,2558.718450231478,0.0,0.010232725053591704,0.50732,0.040000000000000036,0.8056180074347943,113
coverage_target,0.98,25,0.9800000000000001,160.79209857091035,0.7905114360965317,3184.003194616978,0.0,0.008362042949045467,0.51054,0.040000000000000036,0.8064336325030874,120
coverage_target,0.98,26,0.99,158.8822200849992,0.7950612550183724,2808.1644348580658,0.0,0.01734857024592861,0.5245,0.040000000000000036,0.8156804060612831,23
coverage_target,0.98,27,0.9800000000000001,162.24943008624456,0.7843951728174882,2944.626208387019,0.0,0.0062596047131139336,0.6591800000000001,0.040000000000000036,0.7987048502068637,40
coverage_target,0.98,28,0.99,154.48846009057493,0.7634844416772145,2828.8845209533565,0.0,0.019616040248126694,0.41104,0.040000000000000036,0.8016772137844027,60
coverage_target,0.98,29,0.9800000000000001,161.6876319269205,0.7948954410637773,3071.7142768939866,0.0,0.0038543973096191995,0.5760399999999999,0.07999999999999996,0.8088715295508481,41
fl_interval,2.0,0,0.9800000000000001,172.2741035295622,0.7904631979305721,2985.989429842806,0.0,0.008311133935433177,0.5163800000000001,0.07999999999999996,0.8056015285087644,13
fl_interval,2.0,1,0.99,165.19465105593042,0.7882862415983258,2984.9902054608365,0.0,0.03226649741812411,0.43118,0.040000000000000036,0.8073206327163909,23
fl_interval,2.0,2,0.9800000000000001,168.51841002191168,0.7725251170255512,2848.352653410332,0.0,0.05978491783256029,0.43390000000000006,0.07999999999999996,0.7996999902479022,61
fl_interval,2.0,3,0.9600000000000002,168.42277850991348,0.7757218754761201,2945.210628969548,0.0,0.011660333830586235,0.42532,0.12000000000000002,0.7891905283744736,21
fl_interval,2.0,4,0.9399999999999998,169.89082189327033,0.7724870951171952,2681.587260565256,0.0,0.004601649286719797,0.46628,0.039999999999999925,0.7789980493247889,18
fl_interval,2.0,5,0.9600000000000002,168.09268152426998,0.7793798607613021,2732.684317861874,0.0,0.03538538242781497,0.4046600000000001,0.07999999999999996,0.7913082029680254,41
fl_interval,2.0,6,0.99,163.09990718292883,0.7545306605952006,2761.834917688092,0.0,0.024989479701378513,0.42560000000000003,0.040000000000000036,0.796137339598451,32
fl_interval,2.0,7,0.959,162.78860078247746,0.7778618717832309,2897.597569017498,0.0,0.03566871986456628,0.45415,0.019999999999999983,0.7821760560342641,18
fl_interval,2.0,8,0.9700000000000001,170.72822773007476,0.7733771527433518,2984.994164514223,0.0,0.01047249848206966,0.5146399999999999,0.07999999999999996,0.7855941636496229,17
fl_interval,2.0,9,0.9700000000000001,165.86563216762008,0.7993118697639825,2994.9532271126823,0.0,0.006225513217440094,0.45994,0.07999999999999996,0.8072584232186062,3
fl_interval,2.0,10,0.9800000000000001,160.30555488788963,0.7652297901980563,2754.0644502011683,0.0,0.03988435912742423,0.58042,0.040000000000000036,0.7844484740514772,39
fl_interval,2.0,11,0.9700000000000001,179.38939628029837,0.7817097010796819,2934.698681080371,0.0,0.025284641044318778,0.53086,0.07999999999999996,0.7892695166559263,17
fl_interval,2.0,12,0.9600000000000002,168.69207596733364,0.8015872359629584,2929.6607188666553,0.0,0.014849207342504629,0.49002000000000007,0.07999999999999996,0.7977516643389313,1
fl_interval,2.0,13,1.0,169.0151616351855,0.7785304947275555,2802.883183463277,0.0,0.004965265473751731,0.4668,0.0,0.803306879227787,44
fl_interval,2.0,14,0.9600000000000002,169.3552999515699,0.7866431891509166,3054.731190399509,0.0,0.026281488501544124,0.46299999999999997,0.07999999999999996,0.788361174920833,29
fl_interval,2.0,15,0.9800000000000001,164.40895563577655,0.7785072714786948,3014.67803151953,0.0,0.022836731333502017,0.4410400000000001,0.040000000000000036,0.8032581198228572,12
fl_interval,2.0,16,0.9800000000000001,170.32411943676146,0.7944874518946976,2872.7301905025315,0.0,0.024025668150013592,0.43323999999999996,0.040000000000000036,0.8041289297727973,25
fl_interval,2.0,17,0.9600000000000002,165.19689488423938,0.7519338766679852,2829.719007480816,0.0,0.06871131477591727,0.49097999999999997,0.12000000000000002,0.7849511652317241,120
fl_interval,2.0,18,0.9499999999999998,169.29812500090162,0.7745381069825684,2833.5016073420716,0.0,0.019118681862324294,0.4842000000000001,0.12000000000000002,0.7715723337542117,23
fl_interval,2.0,19,0.9800000000000001,160.96840604783597,0.774279417833869,2689.007043658481,0.0,0.01589659450556647,0.49686,0.040000000000000036,0.8070708918029592,72
fl_interval,2.0,20,0.9600000000000002,169.47764287748865,0.7849334341804838,2839.5501144765844,0.0,0.015404836983268633,0.5628799999999999,0.07999999999999996,0.787152936011893,1
fl_interval,2.0,21,0.99,162.1688321122228,0.7684029592246212,2869.7374112220705,0.0,0.04148305550393404,0.57614,0.040000000000000036,0.8030552066329987,73
fl_interval,2.0,22,0.9700000000000001,166.09758472771014,0.761091061415407,2757.676122634283,0.0,0.026971438493043464,0.5084799999999999,0.040000000000000036,0.7898781217848507,120
fl_interval,2.0,23,0.9700000000000001,161.31187392961436,0.7673602671635651,2896.984491912698,0.0,0.010793892801211988,0.48729999999999996,0.040000000000000036,0.7874879508274835,1
fl_interval,2.0,24,0.9700000000000001,158.11117146395588,0.7670268519402677,2483.777043741752,0.0,0.03007677898878928,0.42806,0.040000000000000036,0.789311646088464,58
fl_interval,2.0,25,0.9800000000000001,166.42609335297198,0.795957314769935,3178.3039385316647,0.0,0.012227948427805268,0.45411999999999997,0.040000000000000036,0.8038375237924201,26
fl_interval,2.0,26,0.9800000000000001,162.74570925582046,0.798982242456364,2734.157747552145,0.0,0.010466214283410751,0.45694,0.07999999999999996,0.80899186973169,6
fl_interval,2.0,27,0.9700000000000001,167.24026599835776,0.7838841905455814,2859.8182992035345,0.0,0.01075360402251052,0.5384800000000001,0.07999999999999996,0.7896604048687604,22
fl_interval,2.0,28,0.9700000000000001,168.5796490515379,0.770523816953536,2827.9706075391323,0.0,0.049775193666153225,0.35984,0.040000000000000036,0.7826295918428017,79
fl_interval,2.0,29,0.9700000000000001,172.0420323848478,0.7917067441322714,3152.2624386255825,0.0,0.02031519183518353,0.52852,0.12000000000000002,0.7952554083542275,68
fl_interval,5.0,0,0.9700000000000001,171.0944073934944,0.7889890236307056,2912.843330729854,0.0,0.007903907278506915,0.5302,0.07999999999999996,0.8009918819084814,15
fl_interval,5.0,1,0.9600000000000002,164.99649093137313,0.7888771844962231,2850.5179292821745,0.0,0.027712890745611042,0.46936,0.07999999999999996,0.7926478574272007,27
fl_interval,5.0,2,0.9600000000000002,169.19042130825832,0.7719088780381107,2790.9323185175535,0.0,0.049731037169954806,0.45676000000000005,0.16000000000000006,0.7890286736725134,102
fl_interval,5.0,3,0.9600000000000002,167.75393475586426,0.7697542149388872,2952.3996337013564,0.0,0.007623023631317047,0.5551799999999999,0.12000000000000002,0.787890616482709,21
fl_interval,5.0,4,0.93,172.11614083565365,0.7672408579781426,2659.1499949589643,0.0,0.02454628513521462,0.49772,0.07999999999999996,0.7708191267655791,27
fl_interval,5.0,5,0.9600000000000002,161.65884731353168,0.7625063875383237,2621.984291092292,0.0,0.010682734134942248,0.52616,0.12000000000000002,0.7909343795208373,32
fl_interval,5.0,6,0.9700000000000001,166.32029277688633,0.7488983845509909,2740.531203609823,0.0,0.009769507743724131,0.5275000000000001,0.07999999999999996,0.781977790261117,17
fl_interval,5.0,7,0.9610000000000001,158.87080984514768,0.7816818806176955,2830.7302584212766,0.18810223381623886,0.010800701723253365,0.47711000000000003,0.06799999999999998,0.7874653816991535,27
fl_interval,5.0,8,0.9700000000000001,169.17709940231688,0.7802067623627231,2953.122532492127,0.0,0.004927495893282896,0.49552000000000007,0.07999999999999996,0.7888370274065382,21
fl_interval,5.0,9,0.9700000000000001,165.4277438757405,0.7880296033572585,3049.6816249551935,0.0,0.019370049631870185,0.47834000000000004,0.07999999999999996,0.8041808168357578,33
fl_interval,5.0,10,0.99,160.06796764837128,0.7728805528468035,2838.0468429993884,0.0,0.00879153012586022,0.56112,0.040000000000000036,0.7919433966518201,26
fl_interval,5.0,11,0.9800000000000001,171.2707038514558,0.7768648535365348,2915.5126222616705,0.18556550631725338,0.011551581371937436,0.5277000000000001,0.040000000000000036,0.7987125229507802,22
fl_interval,5.0,12,0.9700000000000001,169.48414594696078,0.8056766570152505,2926.8995557003896,0.0,0.011028026206377566,0.49277999999999994,0.07999999999999996,0.8034018282847836,17
fl_interval,5.0,13,0.99,168.8772216386515,0.769940716624334,2697.279718076432,0.0,0.007652733876408066,0.54518,0.040000000000000036,0.7958355008746458,11
fl_interval,5.0,14,0.9600000000000002,171.12632760367825,0.7900158932747339,3018.613026851918,0.0,0.013433807730414363,0.46516,0.07999999999999996,0.7880345918980244,43
fl_interval,5.0,15,0.9800000000000001,165.2573036227759,0.7742649493356467,3059.3351428053925,0.0,0.011490066327985727,0.48772000000000004,0.040000000000000036,0.8013616026233951,22
fl_interval,5.0,16,0.9700000000000001,165.81662346902775,0.786775783939573,2783.3893904788874,0.0,0.015371831050573753,0.45754,0.07999999999999996,0.8001029846416874,44
fl_interval,5.0,17,0.9700000000000001,165.48824049898988,0.7630799993614805,2797.8794055502567,0.0,0.010023450764042785,0.51278,0.07999999999999996,0.7930825373002421,62
fl_interval,5.0,18,0.9499999999999998,167.52329768485043,0.7842403994033887,2836.46508525634,0.0,0.008387498791371389,0.57354,0.039999999999999925,0.7759033621896418,5
fl_interval,5.0,19,0.9700000000000001,165.0674917234267,0.7737011961549085,2657.6489679551673,0.0,0.023533739058671354,0.59602,0.07999999999999996,0.798965051982462,15
fl_interval,5.0,20,0.9600000000000002,170.12572938800832,0.7868998501254242,2823.5419003579104,0.0,0.027918043045134115,0.5704800000000001,0.07999999999999996,0.7872501899932409,112
fl_interval,5.0,21,0.9949999999999999,160.1112446362597,0.7704955461065046,2893.404734892155,0.0,0.019407796724177123,0.58197,0.020000000000000018,0.8077370355304266,8
fl_interval,5.0,22,0.9700000000000001,162.61756513020433,0.7646412044710538,2758.093526018024,0.0,0.018077103512367597,0.57478,0.07999999999999996,0.7935302664321251,58
fl_interval,5.0,23,0.9800000000000001,159.84339696383955,0.7635389684932619,2883.993640242075,0.0,0.008963439763149117,0.52952,0.040000000000000036,0.7925042130572523,59
fl_interval,5.0,24,0.9700000000000001,156.08416113901623,0.7615957325840917,2590.0486425828085,0.0,0.015352711933775182,0.47902000000000006,0.07999999999999996,0.7892940590165921,93
fl_interval,5.0,25,0.9600000000000002,167.96082085469396,0.7936898762163295,3133.5512305079837,0.0,0.008799080295053949,0.44522000000000006,0.0,0.792003977658276,31
fl_interval,5.0,26,0.9700000000000001,164.26363690770415,0.7971473964226211,2739.1941039675053,0.0,0.014370450123429043,0.47324,0.07999999999999996,0.8023156073570004,47
fl_interval,5.0,27,0.9600000000000002,167.79366307279014,0.7774073660497527,2856.138793532242,0.0,0.0060945598163547,0.63764,0.07999999999999996,0.7822854137706596,27
fl_interval,5.0,28,0.9600000000000002,163.1176639086735,0.7639601556226816,2718.011893203774,0.0,0.017161334336527587,0.47700000000000004,0.07999999999999996,0.7799850782702441,9
fl_interval,5.0,29,0.9600000000000002,170.84706974354623,0.7960892358874997,3063.141520682914,0.0,0.0052146010029468556,0.53642,0.12000000000000002,0.7924543382004944,21
fl_interval,10.0,0,0.9700000000000001,172.01653906372104,0.7880832421371127,2904.3552522737136,0.0,0.012185722901282175,0.58714,0.07999999999999996,0.8000678313399702,43
fl_interval,10.0,1,0.9650000000000001,163.9908127015095,0.7910801454397436,2864.2599560687568,0.0,0.019098346906848793,0.45529000000000003,0.07999999999999996,0.7965633325340957,64
fl_interval,10.0,2,0.9600000000000002,169.33720565223717,0.7740762626255245,2788.1302913234094,0.0,0.01786625723343506,0.48007999999999995,0.16000000000000006,0.7895734910781476,29
fl_interval,10.0,3,0.9600000000000002,168.85965898097623,0.7720011664567025,2961.4097108724714,0.0,0.005208601571808389,0.48912000000000005,0.12000000000000002,0.7877536969253128,20
fl_interval,10.0,4,0.93,169.99664431423474,0.7687622219423846,2720.592868738785,0.0,0.004575804684287215,0.4648600000000001,0.12000000000000002,0.7728051243956326,15
fl_interval,10.0,5,0.9600000000000002,164.30832263313442,0.7688028431539922,2682.1835762187525,0.0,0.006142160444751956,0.4964400000000001,0.07999999999999996,0.7908941231208212,113
fl_interval,10.0,6,0.9800000000000001,164.50831184705072,0.7536240396313965,2773.416399563305,0.0,0.012200643850995778,0.4721,0.040000000000000036,0.7897850736475014,33
fl_interval,10.0,7,0.9630000000000001,161.17315428127137,0.7802635565732188,2865.3755409790347,0.1933460868519238,0.006397898647631878,0.49467,0.06799999999999998,0.7861881647720302,27
fl_interval,10.0,8,0.9800000000000001,167.05825494670816,0.7796248998045476,2980.912204774743,0.0,0.006498734555422099,0.52956,0.040000000000000036,0.7952920036049773,34
fl_interval,10.0,9,0.9700000000000001,164.11663313756426,0.7904340823262133,3021.7942854593116,0.0,0.006366187052511629,0.51196,0.07999999999999996,0.8058340820098854,72
fl_interval,10.0,10,0.99,159.70939347227892,0.764967862746907,2822.8673600759985,0.0,0.007425276505261075,0.60564,0.040000000000000036,0.7898719182358246,120
fl_interval,10.0,11,0.9700000000000001,172.97700665755266,0.7768634234459599,2890.724668578701,0.0,0.008627585747948124,0.5418399999999999,0.07999999999999996,0.7924724766184273,23
fl_interval,10.0,12,0.9700000000000001,169.58704068802507,0.8025525925236279,2984.3083172273555,0.0,0.008471170992724113,0.46900000000000014,0.07999999999999996,0.8023896184200947,120
fl_interval,10.0,13,0.9800000000000001,169.62288922507983,0.7672048978853285,2723.877217305101,0.0,0.00522105488674029,0.5168200000000001,0.040000000000000036,0.7894445235204872,42
fl_interval,10.0,14,0.9499999999999998,171.3512161048317,0.7875127012022025,2990.2938776059373,0.0,0.023774853092258522,0.51162,0.07999999999999996,0.7821143870165893,34
fl_interval,10.0,15,0.9800000000000001,167.1609521148191,0.7761300703160916,3049.010476826497,0.0,0.009552630117545504,0.4687200000000001,0.040000000000000036,0.8005264530115322,82
fl_interval,10.0,16,0.9800000000000001,166.8064920334853,0.7783043058680408,2827.2389361687647,0.0,0.009536123633328036,0.52302,0.040000000000000036,0.8018402602612111,14
fl_interval,10.0,17,0.9600000000000002,163.44787492535878,0.7626977020664956,2752.0123483958764,0.0,0.004753001666106783,0.54018,0.12000000000000002,0.7894567748175934,113
fl_interval,10.0,18,0.9499999999999998,165.66286847154691,0.7762500949206321,2775.4088751226604,0.0,0.012453431730354316,0.5940399999999999,0.039999999999999925,0.7749959027426796,33
fl_interval,10.0,19,0.9700000000000001,164.84218761223133,0.7756358991825462,2648.146041991758,0.0,0.023452414504479293,0.6310400000000002,0.07999999999999996,0.7997055146384818,20
fl_interval,10.0,20,0.9499999999999998,170.93280965745683,0.7834505558788004,2789.7539188141836,0.0,0.035555713397312276,0.6415000000000001,0.039999999999999925,0.7806056639031109,120
fl_interval,10.0,21,0.99,161.97509187243242,0.7731830534429129,2846.1779269991707,0.0,0.026672869064293538,0.43916000000000005,0.040000000000000036,0.804635568593446,14
fl_interval,10.0,22,0.9600000000000002,164.00182017449941,0.7637134142489043,2702.95552883473,0.0,0.007836905686909456,0.50742,0.07999999999999996,0.7872239642217169,120
fl_interval,10.0,23,0.9800000000000001,160.25980992105514,0.7628973960165105,2894.70529554149,0.0,0.009782815914888826,0.52472,0.040000000000000036,0.7919814534821044,14
fl_interval,10.0,24,0.9600000000000002,158.74596691850212,0.7623040161298752,2472.622190847086,0.0,0.010233745894504922,0.4632600000000001,0.07999999999999996,0.7823897995766738,113
fl_interval,10.0,25,0.9700000000000001,168.08607754849118,0.7927192227293626,3161.122964363089,0.0,0.00843071982002818,0.4948200000000001,0.040000000000000036,0.7966198628059776,120
fl_interval,10.0,26,0.9700000000000001,165.70163908495402,0.7963980530152306,2750.7678484256803,0.0,0.017351576136842486,0.48638000000000003,0.07999999999999996,0.8010236959735331,23
fl_interval,10.0,27,0.9600000000000002,169.0155803189576,0.7847179690610174,2902.2135196588565,0.0,0.0064712366089111645,0.6327200000000002,0.07999999999999996,0.7835212347117169,40
fl_interval,10.0,28,0.9499999999999998,165.1119909301054,0.7645515034172004,2705.883121166807,0.0,0.019605427603045993,0.36344000000000004,0.07999999999999996,0.7735827127748677,60
fl_interval,10.0,29,0.9600000000000002,168.65355567706155,0.7970570971745644,3059.4390300001605,0.0,0.0038515000899761844,0.54198,0.12000000000000002,0.7943673052246902,41
fl_interval,20.0,0,0.9700000000000001,173.54160530212727,0.7908690835224826,2933.2627378734355,0.0,0.02973441977719714,0.50858,0.07999999999999996,0.7998274150012274,111
fl_interval,20.0,1,0.9650000000000001,164.82969904958358,0.7890760276487043,2890.007941184934,0.0,0.020765861589702016,0.44645,0.07999999999999996,0.7953281701601369,21
fl_interval,20.0,2,0.9600000000000002,169.76869182723533,0.7735406353884089,2800.0131427750293,0.0,0.016442131203416803,0.48324,0.16000000000000006,0.7891001402298606,29
fl_interval,20.0,3,0.9600000000000002,168.77732154127742,0.7725922665566758,2958.7237057873576,0.0,0.01010765709687161,0.46062000000000003,0.12000000000000002,0.7879913434116108,22
fl_interval,20.0,4,0.93,172.4619475183345,0.770872887436053,2727.7370950383774,0.0,0.0027962855232016716,0.4686,0.12000000000000002,0.7716563246396998,88
fl_interval,20.0,5,0.9700000000000001,165.91970681553954,0.7797094986220254,2766.2924648411754,0.0,0.008605209695451194,0.47178000000000003,0.07999999999999996,0.7979912541825124,48
fl_interval,20.0,6,0.9800000000000001,164.685818487977,0.7526217135808273,2782.171947795558,0.0,0.058302311438909085,0.49316000000000004,0.040000000000000036,0.7893475187147414,104
fl_interval,20.0,7,0.9680000000000002,157.96429073693247,0.7822317833549246,2878.9161424660315,0.0,0.006004133438650451,0.48628,0.04800000000000002,0.7918638244779437,26
fl_interval,20.0,8,0.9800000000000001,165.57038790161133,0.7726942178951579,2975.3232098113085,0.0,0.09226955175090493,0.48428000000000004,0.040000000000000036,0.7943580837007155,104
fl_interval,20.0,9,0.9700000000000001,164.74058346287688,0.7922174878598858,3030.7422511775208,0.0,0.004615855152459728,0.47124,0.07999999999999996,0.8059262384814876,104
fl_interval,20.0,10,0.99,161.77030772251155,0.773993481380242,2871.2708478936775,0.0,0.014281748533475224,0.64746,0.040000000000000036,0.79084287618302,102
fl_interval,20.0,11,0.9700000000000001,175.42620001865535,0.7766698027660929,2901.45659319642,0.0,0.03012081719064148,0.5330999999999999,0.07999999999999996,0.7906358645528002,108
fl_interval,20.0,12,0.9700000000000001,169.13092466348652,0.8010739165569856,2974.1303003256044,0.0,0.008343757319084263,0.50108,0.07999999999999996,0.8022783954252241,120
fl_interval,20.0,13,0.9800000000000001,169.9475461847324,0.7664919617906278,2735.4332320165536,0.0,0.016834608231350738,0.49792000000000003,0.040000000000000036,0.7889805808809068,23
fl_interval,20.0,14,0.9499999999999998,170.97501379363672,0.7904923979766894,2977.9599375607622,0.0,0.011049832260308048,0.4788400000000001,0.07999999999999996,0.783292732556599,61
fl_interval,20.0,15,0.9800000000000001,167.20072003625677,0.7765474347655823,3046.388351267342,0.0,0.09263717275700471,0.45458,0.040000000000000036,0.8006275729367616,104
fl_interval,20.0,16,0.9700000000000001,168.04733485451177,0.7839281944607692,2847.399102269269,0.0,0.040934045734284115,0.49472000000000005,0.07999999999999996,0.7976227069453026,107
fl_interval,20.0,17,0.9600000000000002,164.07687809030298,0.7637108753953038,2761.8241235276437,0.0,0.0057112330642699405,0.5017800000000001,0.12000000000000002,0.7893018984361543,65
fl_interval,20.0,18,0.9499999999999998,164.92181252020592,0.7770498881001255,2756.9928435679894,0.0,0.014517204352548354,0.5817399999999999,0.039999999999999925,0.7758334150872329,36
fl_interval,20.0,19,0.9600000000000002,163.91708676797558,0.7678221606071295,2634.407111949111,0.0,0.01633205607734029,0.5947600000000001,0.07999999999999996,0.7930239605621897,109
fl_interval,20.0,20,0.9499999999999998,168.81823200544835,0.7765682518273275,2765.6004786500525,0.0,0.009516567926328589,0.60396,0.039999999999999925,0.7801394813907276,120
fl_interval,20.0,21,0.9800000000000001,163.38217906707936,0.7726345736905803,2888.525859008341,0.0,0.01857023111903673,0.43001999999999996,0.040000000000000036,0.798408577408237,22
fl_interval,20.0,22,0.9600000000000002,164.0988956742374,0.7647532308606424,2729.519361589138,0.0,0.13110030871030914,0.45136000000000004,0.07999999999999996,0.7874639659709299,104
fl_interval,20.0,23,0.9800000000000001,159.67505638966773,0.764684209517651,2878.46866205676,0.0,0.006155349401257606,0.50364,0.040000000000000036,0.792983062781295,29
fl_interval,20.0,24,0.9600000000000002,155.7595489445266,0.762009644859783,2477.94852714972,0.0,0.004917513698663945,0.47192000000000006,0.07999999999999996,0.7846769067103446,28
fl_interval,20.0,25,0.9600000000000002,167.9572079404961,0.7935166594752536,3125.9796809033132,0.0,0.059885229311272895,0.46234000000000003,0.07999999999999996,0.7919556070176395,104
fl_interval,20.0,26,0.9700000000000001,164.99409721160993,0.7935928167610578,2767.9957147311347,0.0,0.011520886582639344,0.52968,0.07999999999999996,0.8007067314222003,51
fl_interval,20.0,27,0.9600000000000002,170.35887085253378,0.7859444382404346,2909.7143067912166,0.0,0.009664026358072461,0.57006,0.07999999999999996,0.7828433710753909,50
fl_interval,20.0,28,0.9499999999999998,164.41893035462869,0.760619966301476,2728.6630510464183,0.0,0.04106749384338666,0.3954,0.07999999999999996,0.7729520456302377,80
fl_interval,20.0,29,0.9600000000000002,170.48818463749677,0.7990337926340104,3048.385066712596,0.0,0.03341650192279702,0.503,0.12000000000000002,0.7936036123113211,104
fl_interval,30.0,0,0.9700000000000001,172.75989520403186,0.7900173806624371,2918.760068785373,0.0,0.0055991298763151745,0.54626,0.07999999999999996,0.8001223253795086,103
fl_interval,30.0,1,0.9650000000000001,165.398103179704,0.7890242191069851,2901.0820701566963,0.0,0.02024169791086157,0.42399000000000003,0.07999999999999996,0.794886428605188,59
fl_interval,30.0,2,0.9600000000000002,170.04854172060445,0.7726795381352308,2807.875720237038,0.0,0.027053083192436583,0.4663399999999999,0.16000000000000006,0.7886392058294348,93
fl_interval,30.0,3,0.9600000000000002,168.92994196528525,0.7733584629900276,2960.5845536172615,0.0,0.007501744851660818,0.45744000000000007,0.12000000000000002,0.7881093948866809,33
fl_interval,30.0,4,0.93,170.46746562013035,0.7707266739686636,2725.6684659144166,0.0,0.002688304486379787,0.4515200000000001,0.12000000000000002,0.7730547989127124,21
fl_interval,30.0,5,0.9700000000000001,166.60648331557678,0.7792870815031975,2756.9331771009715,0.0,0.010280236614117873,0.5330600000000001,0.07999999999999996,0.7973647234517319,35
fl_interval,30.0,6,0.9800000000000001,164.53660660780935,0.7520937499782784,2783.6847872123117,0.0,0.002721227523049252,0.5217799999999999,0.040000000000000036,0.7893039832121298,4
fl_interval,30.0,7,0.9580000000000002,159.99530986203666,0.78163916651172,2839.4725613110704,0.0,0.0025341893714814915,0.4871,0.07999999999999996,0.7850547129910328,12
fl_interval,30.0,8,0.9800000000000001,164.16680868329092,0.7728934348224912,2977.5942723177845,0.0,0.003971321192954319,0.49206000000000005,0.040000000000000036,0.7955036979752306,22
fl_interval,30.0,9,0.9700000000000001,168.07214956123633,0.793123343743557,3023.624465475309,0.0,0.004214465720841737,0.46454000000000006,0.07999999999999996,0.8038375295395909,27
fl_interval,30.0,10,0.99,159.14509955759294,0.7646249067335573,2831.526224129512,0.0,0.009601880688045041,0.57636,0.040000000000000036,0.7902451064335905,94
fl_interval,30.0,11,0.9700000000000001,173.08679735244462,0.7781225767366451,2889.788514238734,0.0,0.0070153123475435826,0.5413,0.07999999999999996,0.79277063269543,115
fl_interval,30.0,12,0.9700000000000001,167.49525008368397,0.8011450611806893,2981.223068263641,0.0,0.011887555290990493,0.47916,0.07999999999999996,0.803488864424396,72
fl_interval,30.0,13,0.9800000000000001,172.0380530718631,0.7737907493483259,2790.8528143689045,0.0,0.006207826384998466,0.53738,0.040000000000000036,0.7895586222087962,21
fl_interval,30.0,14,0.9499999999999998,171.40982988462991,0.7891350723811366,2993.3575356988167,0.0,0.010149322646880723,0.49198000000000014,0.07999999999999996,0.7825575704707198,30
fl_interval,30.0,15,0.9800000000000001,167.36300948962926,0.7778347519249661,3050.1847167890405,0.0,0.0014975390191064052,0.45726000000000006,0.040000000000000036,0.8008937878665604,8
fl_interval,30.0,16,0.9700000000000001,168.17122889985782,0.7830485287392429,2848.962115467451,0.0,0.013825106381363897,0.4835400000000001,0.07999999999999996,0.7972681082299766,94
fl_interval,30.0,17,0.9600000000000002,163.69787504351214,0.7645848819084846,2756.6029112876927,0.0,0.034523044444491204,0.49504000000000004,0.12000000000000002,0.7898405859180644,94
fl_interval,30.0,18,0.9499999999999998,166.72029972171578,0.7795610495716631,2795.9872966451812,0.0,0.007445276892189502,0.51494,0.039999999999999925,0.7751424016318892,25
fl_interval,30.0,19,0.9399999999999998,167.31060644320968,0.7672434068471636,2575.2186908566837,0.0,0.006885421358201538,0.5381400000000001,0.12000000000000002,0.7804212396305296,82
fl_interval,30.0,20,0.9499999999999998,170.57198412021236,0.7886299161521674,2777.3181084204,0.0,0.014860964247821509,0.55504,0.039999999999999925,0.7824308590141273,41
fl_interval,30.0,21,0.9800000000000001,162.21763952091064,0.7719288371414786,2903.4371002310495,0.0,0.005916248308130717,0.4626,0.040000000000000036,0.7990767004942533,29
fl_interval,30.0,22,0.9600000000000002,162.9772244755131,0.7614046693549772,2714.8734721895503,0.0,0.009115905504422376,0.53244,0.07999999999999996,0.7872928207350565,38
fl_interval,30.0,23,0.9800000000000001,161.15959505410194,0.7626782895003422,2870.052582945731,0.0,0.004638202936849229,0.5965,0.040000000000000036,0.7912052421712809,22
fl_interval,30.0,24,0.9700000000000001,154.97467169369256,0.7623001621725874,2532.784372116415,0.0,0.01426571236643492,0.48529999999999995,0.07999999999999996,0.790389496001027,94
fl_interval,30.0,25,0.9800000000000001,165.18897503071088,0.7945410166588014,3199.6805482880127,0.0,0.00906985406067766,0.43452,0.040000000000000036,0.8043412591165022,94
fl_interval,30.0,26,0.9600000000000002,168.74127458954882,0.7937956820271997,2760.5011866803934,0.0,0.012268711244927148,0.47894,0.07999999999999996,0.7929894838520404,51
fl_interval,30.0,27,0.9600000000000002,169.81094015355643,0.7845166493471084,2916.999583512186,0.0,0.006229765536918703,0.6193,0.07999999999999996,0.7828415537305569,28
fl_interval,30.0,28,0.9499999999999998,164.8712084796371,0.7615690799912469,2708.3476688204273,0.0,0.020140088546741815,0.4764000000000001,0.07999999999999996,0.7728777151527593,97
fl_interval,30.0,29,0.9600000000000002,171.5060312969031,0.7996874980120168,3070.672620385787,0.0,0.030836967824553113,0.48952,0.12000000000000002,0.7930468408722967,94
dp_sigma,0.0,0,0.9700000000000001,173.98067651632692,0.7917994769717113,2943.465262404692,0.0,0.0014512579476741879,0.48958,0.07999999999999996,0.7997959259424003,74
dp_sigma,0.0,1,0.9650000000000001,165.37907654476044,0.7891208405502388,2903.6847275376663,0.0,0.0013228981844950517,0.42415,0.07999999999999996,0.7949290858870431,34
dp_sigma,0.0,2,0.9600000000000002,170.08299574168555,0.773347270687931,2807.9872492318723,0.0,0.0007620005213449454,0.5000800000000001,0.16000000000000006,0.7888152713097225,112
dp_sigma,0.0,3,0.9600000000000002,169.100561726746,0.7737564683954146,2965.0285147708864,0.0,0.0008443720474102044,0.43384,0.12000000000000002,0.7881034313665526,1
dp_sigma,0.0,4,0.9399999999999998,170.84671109978913,0.781362189986155,2775.192691802783,0.0,0.0014289639525238195,0.4817600000000001,0.12000000000000002,0.7809709890479708,14
dp_sigma,0.0,5,0.9700000000000001,167.17236497746538,0.7894821946297683,2784.4236257930597,0.0,0.0011691360851000872,0.51836,0.07999999999999996,0.8000109950544072,80
dp_sigma,0.0,6,0.9800000000000001,164.7584490445458,0.7529892362933768,2785.690929872891,0.0,0.0015897175348349693,0.49598,0.040000000000000036,0.7894022042321912,14
dp_sigma,0.0,7,0.9510000000000002,158.9095961880301,0.7818866340445603,2840.4761529440934,0.1938608806847853,0.002880569705081201,0.47237000000000007,0.08799999999999997,0.7824932485201843,39
dp_sigma,0.0,8,0.9800000000000001,164.57297377597502,0.7729415202648278,2984.752631226535,0.0,0.0007242730707028134,0.47734,0.040000000000000036,0.7952041112058125,54
dp_sigma,0.0,9,0.9700000000000001,166.60833269921991,0.7934522692301159,3037.8653303176593,0.0,0.0012509084320749917,0.45607999999999993,0.07999999999999996,0.8049735445974397,76
dp_sigma,0.0,10,0.99,161.18722931995134,0.7651164418945153,2840.9420133907547,0.0,0.0007932462474570251,0.57104,0.040000000000000036,0.7886710964432405,14
dp_sigma,0.0,11,0.9700000000000001,175.4884298941503,0.7781933156609494,2899.5998937554386,0.0,0.003525613642326719,0.52986,0.07999999999999996,0.7910481402369731,30
dp_sigma,0.0,12,0.9600000000000002,169.53665962548172,0.8002168439605992,2949.7195853005114,0.0,0.0015147112063700768,0.4695400000000001,0.07999999999999996,0.7967255080175063,1
dp_sigma,0.0,13,0.9800000000000001,172.02705242117347,0.7737485147960365,2790.930976794706,0.0,0.0008262857427878209,0.5410999999999999,0.040000000000000036,0.7895546058798447,54
dp_sigma,0.0,14,0.9499999999999998,171.70419363140837,0.7886252953689413,3001.501280021894,0.0,0.0007765113380312575,0.45718,0.07999999999999996,0.7821816215355634,63
dp_sigma,0.0,15,0.9800000000000001,167.7278866497104,0.7773449735422348,3059.451121435408,0.0,0.0004644008525216554,0.4551200000000001,0.040000000000000036,0.8004822004883675,14
dp_sigma,0.0,16,0.9700000000000001,168.39023341783258,0.7830801034449281,2855.3673854811354,0.0,0.002102120420690866,0.48326,0.07999999999999996,0.7971183735539684,35
dp_sigma,0.0,17,0.9600000000000002,163.751683657529,0.7647011566364796,2757.825501418646,0.0,0.0008786477252498207,0.4877200000000001,0.12000000000000002,0.7898362794300449,72
dp_sigma,0.0,18,0.9499999999999998,166.4380954448206,0.7791674292734724,2789.434642726362,0.0,0.001435415741200624,0.5110399999999999,0.039999999999999925,0.7752492254801695,14
dp_sigma,0.0,19,0.9399999999999998,168.20035827055256,0.7684029913890773,2592.4864198446603,0.0,0.0023219492097408473,0.5121200000000001,0.12000000000000002,0.7801325606980509,13
dp_sigma,0.0,20,0.9399999999999998,170.71644683248525,0.7796901576571458,2732.0149263715975,0.0,0.0015401662374755808,0.5261600000000001,0.039999999999999925,0.7746392461822907,8
dp_sigma,0.0,21,0.9800000000000001,160.07354174234175,0.7719524908004008,2895.396962172753,0.0,0.0015380169497824724,0.45214,0.040000000000000036,0.8007030739858157,96
dp_sigma,0.0,22,0.9700000000000001,164.94163935846456,0.7647225442638104,2785.4974250719406,0.0,0.001257794688953529,0.45506,0.040000000000000036,0.7918282728730132,113
dp_sigma,0.0,23,0.9800000000000001,161.7874198676944,0.7628539263123841,2884.4913458989886,0.0,0.0007845881629397379,0.5228,0.040000000000000036,0.7907611380283163,75
dp_sigma,0.0,24,0.9700000000000001,150.5063993860263,0.7635194830806113,2525.153284352821,0.0,0.001613889243605205,0.48466,0.07999999999999996,0.7943096965934833,13
dp_sigma,0.0,25,0.9600000000000002,166.76365921626015,0.7935417262039698,3124.170038299167,0.0,0.0013478655819420507,0.41156,0.07999999999999996,0.7928593426801172,93
dp_sigma,0.0,26,0.9499999999999998,166.28922728040374,0.7831626062696755,2688.314094471832,0.18063895291188126,0.0014354533012078737,0.48862000000000005,0.12000000000000002,0.7866176449717012,27
dp_sigma,0.0,27,0.9700000000000001,168.55113037465168,0.7864155087076385,2969.6742639957947,0.0,0.0008283190056186156,0.5736800000000001,0.07999999999999996,0.7893945574076102,78
dp_sigma,0.0,28,0.9499999999999998,164.6952656152229,0.7596619421419485,2736.8864163744624,0.0,0.0009414603250288559,0.42658000000000007,0.07999999999999996,0.7724455635519645,21
dp_sigma,0.0,29,0.9700000000000001,171.7405340629312,0.8005244196714424,3098.0164494242,0.0,0.000645751068807988,0.48782000000000003,0.12000000000000002,0.7981245605272322,88
dp_sigma,0.025,0,0.9700000000000001,173.3440367173342,0.7896979947391733,2933.5417045275994,0.0,0.00390269911978445,0.53044,0.07999999999999996,0.7996154404215243,21
dp_sigma,0.025,1,0.9650000000000001,164.33432005024588,0.7898872422210139,2875.6880865773483,0.0,0.0068112522826826285,0.43740999999999997,0.07999999999999996,0.7959476018903612,32
dp_sigma,0.025,2,0.9600000000000002,170.041982453108,0.7736714738096805,2807.212597063307,0.0,0.005375410945471987,0.45464000000000004,0.16000000000000006,0.7889416521568264,50
dp_sigma,0.025,3,0.9600000000000002,168.90460580577673,0.7736197513668057,2960.1702778762783,0.0,0.0024836251366381684,0.45854,0.12000000000000002,0.7882061262236723,14
dp_sigma,0.025,4,0.93,170.54849401442445,0.7702282195428888,2730.2345043047067,0.0,0.0018255708935828042,0.4544200000000001,0.12000000000000002,0.7728465974452668,84
dp_sigma,0.025,5,0.9600000000000002,165.52270707703065,0.7784251474694878,2723.287524641094,0.0,0.0025910372166515006,0.49894000000000016,0.07999999999999996,0.7928958574961302,113
dp_sigma,0.025,6,0.9800000000000001,164.7129996097331,0.753529950137916,2781.556865351077,0.0,0.005001419030085772,0.48338000000000003,0.040000000000000036,0.7895993480719312,34
dp_sigma,0.025,7,0.9530000000000001,158.92749093757197,0.7811167394557815,2851.196229693139,0.19359112189566913,0.0037403457311521392,0.47325000000000006,0.07999999999999996,0.783247999166028,30
dp_sigma,0.025,8,0.9800000000000001,165.0376863725083,0.7726789337711224,2977.426201196447,0.0,0.002102226494172537,0.50036,0.040000000000000036,0.7947682899923827,32
dp_sigma,0.025,9,0.9700000000000001,164.49960264908302,0.7916567262367752,3026.8503100340863,0.0,0.0023886375561071194,0.48827999999999994,0.07999999999999996,0.8059281891031229,94
dp_sigma,0.025,10,0.99,160.12046583571035,0.7649595106195216,2833.265266247271,0.0,0.0026516696549022025,0.6274599999999999,0.040000000000000036,0.7895231567986385,26
dp_sigma,0.025,11,0.9700000000000001,175.3113809658019,0.77762489446111,2897.266512050247,0.0,0.005179055514436733,0.53126,0.07999999999999996,0.7910058693302839,37
dp_sigma,0.025,12,0.9700000000000001,169.72006717287934,0.8018345884870388,2988.6312173187157,0.0,0.003330281586360247,0.47184,0.07999999999999996,0.8020771737324003,102
dp_sigma,0.025,13,0.9800000000000001,170.30966286391433,0.7668186927839257,2745.395694766393,0.0,0.002105407580917543,0.5023000000000001,0.040000000000000036,0.7887980435768588,7
dp_sigma,0.025,14,0.9499999999999998,171.31453279688293,0.7891808606924153,2989.445473279239,0.0,0.006883045642656145,0.49524000000000007,0.07999999999999996,0.7826424901669695,33
dp_sigma,0.025,15,0.9800000000000001,167.26486649374843,0.7776963270149537,3048.493429747481,0.0,0.0027586622690799994,0.46801999999999994,0.040000000000000036,0.8009240264886888,30
dp_sigma,0.025,16,0.9700000000000001,166.0333808992876,0.7763079328998869,2806.1514433964853,0.0,0.005203565962077517,0.47072,0.07999999999999996,0.7968059248439028,93
dp_sigma,0.025,17,0.9600000000000002,163.415822340357,0.7636903889183284,2750.711442298937,0.0,0.0020163299636446023,0.51068,0.12000000000000002,0.7897779679698977,6
dp_sigma,0.025,18,0.9499999999999998,166.27977231458277,0.7787026077323873,2786.3360746983503,0.0,0.004469293578637364,0.5294000000000001,0.039999999999999925,0.7752367473707955,28
dp_sigma,0.025,19,0.9600000000000002,163.93485793446717,0.7681895600651213,2635.5978355997117,0.0,0.007348352215560241,0.5951599999999999,0.07999999999999996,0.7931207624876959,14
dp_sigma,0.025,20,0.9499999999999998,169.64714757546275,0.7784616597327758,2780.8746615656187,0.0,0.010475471910092887,0.5413600000000001,0.039999999999999925,0.7800823359958825,45
dp_sigma,0.025,21,0.9800000000000001,162.29259556524954,0.7727841683992809,2900.9654317855593,0.0,0.007475167842013883,0.42244000000000004,0.040000000000000036,0.7992760386675843,14
dp_sigma,0.025,22,0.9600000000000002,163.60892557545975,0.7642115278954913,2721.4451274981247,0.0,0.003546214247811396,0.47718000000000005,0.07999999999999996,0.7876656056356608,42
dp_sigma,0.025,23,0.9800000000000001,161.62743466876628,0.7627161402251073,2882.0281411868177,0.0,0.0031269985501089087,0.5301199999999999,0.040000000000000036,0.79084519216945,14
dp_sigma,0.025,24,0.9600000000000002,155.47345410200438,0.7620853311340596,2492.267374314403,0.0,0.003686817174937946,0.44846,0.07999999999999996,0.78492797991082,20
dp_sigma,0.025,25,0.9700000000000001,168.25008078344283,0.7939281138945274,3166.2585679273034,0.0,0.003338150517121676,0.46642,0.040000000000000036,0.7968591136249223,45
dp_sigma,0.025,26,0.9700000000000001,166.30633460178183,0.7955341615828232,2769.147201380854,0.0,0.009402329964340029,0.4915000000000001,0.07999999999999996,0.8003163757372066,49
dp_sigma,0.025,27,0.9600000000000002,170.01380914740133,0.7857153770248687,2919.277518343869,0.0,0.0026200754552945377,0.58192,0.07999999999999996,0.7830431800916735,34
dp_sigma,0.025,28,0.9399999999999998,166.61222339927352,0.7634537006044555,2666.194003683263,0.0,0.011431193668261844,0.39947999999999995,0.07999999999999996,0.7670653507178148,63
dp_sigma,0.025,29,0.9600000000000002,171.27702354237596,0.7979443289390317,3072.330961089978,0.0,0.0017152706295329595,0.49436,0.12000000000000002,0.7926933707878185,24
dp_sigma,0.05,0,0.9700000000000001,172.01653906372104,0.7880832421371127,2904.3552522737136,0.0,0.012185722901282175,0.58714,0.07999999999999996,0.8000678313399702,43
dp_sigma,0.05,1,0.9650000000000001,163.9908127015095,0.7910801454397436,2864.2599560687568,0.0,0.019098346906848793,0.45529000000000003,0.07999999999999996,0.7965633325340957,64
dp_sigma,0.05,2,0.9600000000000002,169.33720565223717,0.7740762626255245,2788.1302913234094,0.0,0.01786625723343506,0.48007999999999995,0.16000000000000006,0.7895734910781476,29
dp_sigma,0.05,3,0.9600000000000002,168.85965898097623,0.7720011664567025,2961.4097108724714,0.0,0.005208601571808389,0.48912000000000005,0.12000000000000002,0.7877536969253128,20
dp_sigma,0.05,4,0.93,169.99664431423474,0.7687622219423846,2720.592868738785,0.0,0.004575804684287215,0.4648600000000001,0.12000000000000002,0.7728051243956326,15
dp_sigma,0.05,5,0.9600000000000002,164.30832263313442,0.7688028431539922,2682.1835762187525,0.0,0.006142160444751956,0.4964400000000001,0.07999999999999996,0.7908941231208212,113
dp_sigma,0.05,6,0.9800000000000001,164.50831184705072,0.7536240396313965,2773.416399563305,0.0,0.012200643850995778,0.4721,0.040000000000000036,0.7897850736475014,33
dp_sigma,0.05,7,0.9630000000000001,161.17315428127137,0.7802635565732188,2865.3755409790347,0.1933460868519238,0.006397898647631878,0.49467,0.06799999999999998,0.7861881647720302,27
dp_sigma,0.05,8,0.9800000000000001,167.05825494670816,0.7796248998045476,2980.912204774743,0.0,0.006498734555422099,0.52956,0.040000000000000036,0.7952920036049773,34
dp_sigma,0.05,9,0.9700000000000001,164.11663313756426,0.7904340823262133,3021.7942854593116,0.0,0.006366187052511629,0.51196,0.07999999999999996,0.8058340820098854,72
dp_sigma,0.05,10,0.99,159.70939347227892,0.764967862746907,2822.8673600759985,0.0,0.007425276505261075,0.60564,0.040000000000000036,0.7898719182358246,120
dp_sigma,0.05,11,0.9700000000000001,172.97700665755266,0.7768634234459599,2890.724668578701,0.0,0.008627585747948124,0.5418399999999999,0.07999999999999996,0.7924724766184273,23
dp_sigma,0.05,12,0.9700000000000001,169.58704068802507,0.8025525925236279,2984.3083172273555,0.0,0.008471170992724113,0.46900000000000014,0.07999999999999996,0.8023896184200947,120
dp_sigma,0.05,13,0.9800000000000001,169.62288922507983,0.7672048978853285,2723.877217305101,0.0,0.00522105488674029,0.5168200000000001,0.040000000000000036,0.7894445235204872,42
dp_sigma,0.05,14,0.9499999999999998,171.3512161048317,0.7875127012022025,2990.2938776059373,0.0,0.023774853092258522,0.51162,0.07999999999999996,0.7821143870165893,34
dp_sigma,0.05,15,0.9800000000000001,167.1609521148191,0.7761300703160916,3049.010476826497,0.0,0.009552630117545504,0.4687200000000001,0.040000000000000036,0.8005264530115322,82
dp_sigma,0.05,16,0.9800000000000001,166.8064920334853,0.7783043058680408,2827.2389361687647,0.0,0.009536123633328036,0.52302,0.040000000000000036,0.8018402602612111,14
dp_sigma,0.05,17,0.9600000000000002,163.44787492535878,0.7626977020664956,2752.0123483958764,0.0,0.004753001666106783,0.54018,0.12000000000000002,0.7894567748175934,113
dp_sigma,0.05,18,0.9499999999999998,165.66286847154691,0.7762500949206321,2775.4088751226604,0.0,0.012453431730354316,0.5940399999999999,0.039999999999999925,0.7749959027426796,33
dp_sigma,0.05,19,0.9700000000000001,164.84218761223133,0.7756358991825462,2648.146041991758,0.0,0.023452414504479293,0.6310400000000002,0.07999999999999996,0.7997055146384818,20
dp_sigma,0.05,20,0.9499999999999998,170.93280965745683,0.7834505558788004,2789.7539188141836,0.0,0.035555713397312276,0.6415000000000001,0.039999999999999925,0.7806056639031109,120
dp_sigma,0.05,21,0.99,161.97509187243242,0.7731830534429129,2846.1779269991707,0.0,0.026672869064293538,0.43916000000000005,0.040000000000000036,0.804635568593446,14
dp_sigma,0.05,22,0.9600000000000002,164.00182017449941,0.7637134142489043,2702.95552883473,0.0,0.007836905686909456,0.50742,0.07999999999999996,0.7872239642217169,120
dp_sigma,0.05,23,0.9800000000000001,160.25980992105514,0.7628973960165105,2894.70529554149,0.0,0.009782815914888826,0.52472,0.040000000000000036,0.7919814534821044,14
dp_sigma,0.05,24,0.9600000000000002,158.74596691850212,0.7623040161298752,2472.622190847086,0.0,0.010233745894504922,0.4632600000000001,0.07999999999999996,0.7823897995766738,113
dp_sigma,0.05,25,0.9700000000000001,168.08607754849118,0.7927192227293626,3161.122964363089,0.0,0.00843071982002818,0.4948200000000001,0.040000000000000036,0.7966198628059776,120
dp_sigma,0.05,26,0.9700000000000001,165.70163908495402,0.7963980530152306,2750.7678484256803,0.0,0.017351576136842486,0.48638000000000003,0.07999999999999996,0.8010236959735331,23
dp_sigma,0.05,27,0.9600000000000002,169.0155803189576,0.7847179690610174,2902.2135196588565,0.0,0.0064712366089111645,0.6327200000000002,0.07999999999999996,0.7835212347117169,40
dp_sigma,0.05,28,0.9499999999999998,165.1119909301054,0.7645515034172004,2705.883121166807,0.0,0.019605427603045993,0.36344000000000004,0.07999999999999996,0.7735827127748677,60
dp_sigma,0.05,29,0.9600000000000002,168.65355567706155,0.7970570971745644,3059.4390300001605,0.0,0.0038515000899761844,0.54198,0.12000000000000002,0.7943673052246902,41
dp_sigma,0.075,0,0.9700000000000001,170.5749023236581,0.7876444614950993,2896.0577669525883,0.0,0.025284239265172058,0.61158,0.07999999999999996,0.8009545445250504,120
dp_sigma,0.075,1,0.9650000000000001,163.51828423754017,0.7900266947402713,2852.192859480635,0.0,0.03642799904490934,0.48583,0.07999999999999996,0.7966005761749657,100
dp_sigma,0.075,2,0.9600000000000002,169.2320496812043,0.7737653118522752,2785.3492317869527,0.0,0.036181929525141106,0.46974,0.16000000000000006,0.7895565571071742,25
dp_sigma,0.075,3,0.9600000000000002,168.33117756942136,0.7706308296050958,2950.5524692658537,0.0,0.007693294502790099,0.51284,0.12000000000000002,0.7877300763714887,48
dp_sigma,0.075,4,0.9399999999999998,170.22732845962375,0.7682780436630264,2689.8763100104093,0.0,0.009709957240192902,0.4797600000000001,0.12000000000000002,0.7774918460273461,51
dp_sigma,0.075,5,0.9600000000000002,159.58371233632585,0.759079560133547,2631.1409185420684,0.0,0.012186809523574479,0.49308000000000013,0.07999999999999996,0.7914194653935385,55
dp_sigma,0.075,6,0.9800000000000001,164.35502325384815,0.7532351028445323,2766.055653297642,0.0,0.017482266372258047,0.48622,0.040000000000000036,0.789785471058061,100
dp_sigma,0.075,7,0.9630000000000001,162.165092557778,0.7792552273522382,2870.629116758782,0.1936129779514578,0.010524054010149175,0.48449,0.06799999999999998,0.7850882087140578,23
dp_sigma,0.075,8,0.9800000000000001,166.70405716462014,0.7775193394951517,2978.7570466781863,0.0,0.013923242488423918,0.5745799999999999,0.040000000000000036,0.794931276628049,34
dp_sigma,0.075,9,0.9700000000000001,165.9539150011984,0.7909756520518785,3027.460073475635,0.0,0.012998743602871543,0.4867000000000001,0.07999999999999996,0.8046931998697826,42
dp_sigma,0.075,10,0.99,159.5524286819089,0.7641899614554994,2820.650212051786,0.0,0.015179505544952083,0.6209,0.040000000000000036,0.7897707147934109,93
dp_sigma,0.075,11,0.9800000000000001,171.29098771728746,0.7770248688050071,2918.5839796670016,0.18647412130350227,0.01309838288244285,0.5616,0.040000000000000036,0.7987453693618435,22
dp_sigma,0.075,12,0.9700000000000001,170.35304384448833,0.8023275933005047,2980.1681429760188,0.0,0.01564810063265587,0.46538,0.07999999999999996,0.8017650199899755,103
dp_sigma,0.075,13,0.9800000000000001,169.41370746119003,0.7682886865810076,2710.618303229332,0.0,0.009985454576260756,0.51192,0.040000000000000036,0.7899319759377733,52
dp_sigma,0.075,14,0.9499999999999998,171.07092287583706,0.7853191675674894,2984.126059206391,0.0,0.051056387536176286,0.5211600000000001,0.07999999999999996,0.7816662451196082,40
dp_sigma,0.075,15,0.9800000000000001,167.13373308551346,0.7752335611832416,3052.2334717539698,0.0,0.020510048054361713,0.47202,0.040000000000000036,0.8002772111558659,82
dp_sigma,0.075,16,0.9800000000000001,166.65664181454696,0.778863889506814,2826.378045890911,0.0,0.012725308765693768,0.5133599999999999,0.040000000000000036,0.8021174762643195,20
dp_sigma,0.075,17,0.9600000000000002,164.57609068760937,0.7611970909470062,2746.9612614744246,0.0,0.00878320128335142,0.5681200000000001,0.12000000000000002,0.7881836663567072,38
dp_sigma,0.075,18,0.9499999999999998,165.47898790124043,0.7752710070897636,2771.7168901064624,0.0,0.025155874275255334,0.6249400000000002,0.039999999999999925,0.7748473592034202,113
dp_sigma,0.075,19,0.9700000000000001,165.10319938801663,0.7734019365025617,2657.370651654201,0.0,0.050508761224186585,0.587,0.07999999999999996,0.7988484355346445,20
dp_sigma,0.075,20,0.9499999999999998,169.2098692373494,0.7729462009672575,2772.185641315714,0.0,0.07691517342410563,0.68774,0.039999999999999925,0.77876009829029,120
dp_sigma,0.075,21,0.99,160.37414996791117,0.7711809446237207,2819.5227654296277,0.0,0.05885177941123397,0.47972000000000004,0.040000000000000036,0.8052436408306027,14
dp_sigma,0.075,22,0.9600000000000002,166.2983483994601,0.7634217928698039,2706.4018907693203,0.0,0.01118742959231114,0.5074,0.07999999999999996,0.7854298069046746,120
dp_sigma,0.075,23,0.9800000000000001,160.16066443056397,0.7620289942681893,2892.9488356303436,0.0,0.021133369073485203,0.54646,0.040000000000000036,0.7918006429376645,14
dp_sigma,0.075,24,0.9600000000000002,158.72606049937903,0.7612534357493058,2472.4818315129605,0.0,0.02144993780177261,0.47944000000000003,0.07999999999999996,0.7820910622102166,74
dp_sigma,0.075,25,0.9700000000000001,167.78748031406013,0.790897274355973,3154.5540703789816,0.0,0.015502092169113177,0.5203,0.040000000000000036,0.7962969679512222,46
dp_sigma,0.075,26,0.9700000000000001,164.057294693173,0.7961593330211902,2736.146908182014,0.0,0.018608862288115296,0.49734000000000006,0.07999999999999996,0.802171734149268,74
dp_sigma,0.075,27,0.9600000000000002,168.78038361334637,0.784992297697088,2894.6490299354573,0.0,0.010375282592468778,0.6597200000000001,0.07999999999999996,0.7837890185598091,49
dp_sigma,0.075,28,0.9499999999999998,165.0410297534519,0.7649270418243578,2703.750815330216,0.0,0.02734437728492587,0.35490000000000005,0.07999999999999996,0.7737516597973415,54
dp_sigma,0.075,29,0.9600000000000002,168.5644560923394,0.7957359855628103,3061.369301624526,0.0,0.006436820633150836,0.54596,0.12000000000000002,0.7940369408912774,68
dp_sigma,0.1,0,0.9700000000000001,170.27996731687028,0.786765422922341,2890.5081977895907,0.0,0.04485171847408177,0.6341,0.07999999999999996,0.8008981403670157,120
dp_sigma,0.1,1,0.9650000000000001,164.12414049669732,0.789588109891297,2843.21396011733,0.0,0.058974975381017994,0.5005499999999999,0.07999999999999996,0.7960126371889689,120
dp_sigma,0.1,2,0.9600000000000002,169.22210894948552,0.7736165908793455,2784.803414433018,0.0,0.059219680970519495,0.4668200000000001,0.16000000000000006,0.7895193599784343,54
dp_sigma,0.1,3,0.9600000000000002,168.31436988373915,0.7709520593084408,2948.0606833469133,0.0,0.00918520702899031,0.52204,0.12000000000000002,0.7878386868081337,83
dp_sigma,0.1,4,0.9399999999999998,169.5693293378226,0.7655710716643448,2678.2560801446116,0.0,0.017047228907566887,0.54112,0.12000000000000002,0.7771529104907324,63
dp_sigma,0.1,5,0.9499999999999998,163.4790172040389,0.7566471233559495,2600.5666053223276,0.0,0.020597369914912553,0.50722,0.07999999999999996,0.7828507176865036,68
dp_sigma,0.1,6,0.9800000000000001,163.9193849649424,0.7529909194753922,2752.140010544589,0.0,0.01906450156730107,0.50668,0.040000000000000036,0.7900461808840546,120
dp_sigma,0.1,7,0.9600000000000002,163.33553319892866,0.7777765647547443,2854.7858204589124,0.0,0.015868324512882934,0.4989800000000001,0.07999999999999996,0.78221515820875,22
dp_sigma,0.1,8,0.9800000000000001,166.85324997897322,0.7764408217699574,2985.098368029011,0.0,0.02445120851239707,0.5817,0.040000000000000036,0.7944924090513907,34
dp_sigma,0.1,9,0.9700000000000001,166.17044072849717,0.7909715173883011,3034.471264210886,0.0,0.02202726524275434,0.4596400000000001,0.07999999999999996,0.8045388965490439,41
dp_sigma,0.1,10,0.99,159.51388674012586,0.7626715808083361,2823.3034280137663,0.0,0.025709957410937435,0.6077000000000001,0.040000000000000036,0.789347295285774,113
dp_sigma,0.1,11,0.9800000000000001,171.30213855458715,0.7764400673413012,2920.057124781261,0.1848022813232465,0.018581402899677683,0.56956,0.040000000000000036,0.79856154759826,93
dp_sigma,0.1,12,0.9700000000000001,170.20512026460958,0.8025682984762437,2976.639001529669,0.0,0.024204094930954496,0.46498000000000006,0.07999999999999996,0.8019448652065471,59
dp_sigma,0.1,13,0.9800000000000001,167.44145866881559,0.7592443790911546,2669.1630442369315,0.0,0.014844243713272342,0.51338,0.040000000000000036,0.7887384742736862,10
dp_sigma,0.1,14,0.9399999999999998,172.58119698804182,0.7823290930577645,2949.7043025953944,0.0,0.08922835891580705,0.54992,0.12000000000000002,0.7746292231312377,40
dp_sigma,0.1,15,0.9800000000000001,167.23319590812818,0.7735425462847338,3059.21046016639,0.0,0.03563737466227023,0.4495400000000001,0.040000000000000036,0.7996974736353556,82
dp_sigma,0.1,16,0.9800000000000001,166.03177479518803,0.7785037122432119,2808.417533023948,0.0,0.015460140392548363,0.5435799999999998,0.040000000000000036,0.8024649452982144,21
dp_sigma,0.1,17,0.9600000000000002,164.61958203639625,0.759963557940501,2749.0601028484057,0.0,0.01405321193936448,0.57826,0.12000000000000002,0.7877819001190709,64
dp_sigma,0.1,18,0.9499999999999998,165.69475456798168,0.7746232529800563,2777.949605778281,0.0,0.04307071786265871,0.61488,0.039999999999999925,0.7744794605902434,113
dp_sigma,0.1,19,0.9700000000000001,165.62894610103535,0.771475862054929,2674.5523850794457,0.0,0.08686694485112782,0.57034,0.07999999999999996,0.7978940572200945,20
dp_sigma,0.1,20,0.9499999999999998,171.7637128640858,0.7799482357927514,2808.9276511418743,0.0,0.13366943722947147,0.67096,0.039999999999999925,0.7789287053253108,120
dp_sigma,0.1,21,0.9800000000000001,160.80768146902068,0.770018608460681,2807.2399285203624,0.0,0.10297466008211717,0.44939999999999997,0.040000000000000036,0.7995674033481726,120
dp_sigma,0.1,22,0.9700000000000001,164.84856246857163,0.7650443812857624,2754.8602262021623,0.0,0.014622663248122317,0.48848,0.07999999999999996,0.791993806267903,120
dp_sigma,0.1,23,0.9800000000000001,159.85904406560616,0.7610232966521366,2886.4183200255848,0.0,0.03696705480886818,0.5806,0.040000000000000036,0.7917373182909333,14
dp_sigma,0.1,24,0.9600000000000002,158.88514906659466,0.7603422315675401,2475.6346319227678,0.0,0.037091152526717755,0.4883600000000001,0.07999999999999996,0.7816911759366014,113
dp_sigma,0.1,25,0.9700000000000001,167.08719363745877,0.7896597146585481,3137.3888227416974,0.0,0.023957319654815783,0.5484199999999999,0.040000000000000036,0.7964515206518538,44
dp_sigma,0.1,26,0.9800000000000001,162.2970632387191,0.7965218610209147,2762.341555359679,0.0,0.01881958669326401,0.5085000000000001,0.07999999999999996,0.8085864056153523,20
dp_sigma,0.1,27,0.9600000000000002,168.97305317378695,0.7851566295938576,2896.813793788934,0.0,0.01276505220211194,0.6554599999999999,0.07999999999999996,0.7836889955759392,17
dp_sigma,0.1,28,0.9600000000000002,164.69886855023626,0.7656868938671889,2741.133743930027,0.0,0.037025548141408196,0.35944,0.07999999999999996,0.7792502926529725,120
dp_sigma,0.1,29,0.9600000000000002,168.61984838160407,0.7948147932406562,3065.080398622868,0.0,0.009973350702297228,0.54684,0.12000000000000002,0.7937197444843822,120
imitation_weight,0.0,0,0.9700000000000001,171.9030148196898,0.7880348023190361,2901.680320972973,0.0,0.01199334453048771,0.59218,0.07999999999999996,0.8001338814932186,43
imitation_weight,0.0,1,0.9650000000000001,164.06507567484078,0.7911528956278671,2865.7184157454462,0.0,0.019181502727239255,0.45657000000000003,0.07999999999999996,0.796528720248448,64
imitation_weight,0.0,2,0.9600000000000002,169.35566217308306,0.7740196032086328,2788.9359882412436,0.0,0.017744030410099018,0.48007999999999995,0.16000000000000006,0.7895431222201872,28
imitation_weight,0.0,3,0.9600000000000002,168.78128646144182,0.7725612088375645,2957.7015922275987,0.0,0.00510396721856384,0.48912000000000005,0.12000000000000002,0.7879791898499646,20
imitation_weight,0.0,4,0.93,170.02132960530454,0.7687146079504605,2721.1378014847387,0.0,0.0045625704212749665,0.4648600000000001,0.12000000000000002,0.772773014492799,15
imitation_weight,0.0,5,0.9600000000000002,164.346129926636,0.768703335406282,2683.6670766652487,0.0,0.006125832087103492,0.4954600000000001,0.07999999999999996,0.7908367602954695,84
imitation_weight,0.0,6,0.9800000000000001,164.4817220367292,0.7535989357204612,2773.01042944662,0.0,0.012056559040342831,0.47488,0.040000000000000036,0.7897978329287841,33
imitation_weight,0.0,7,0.9630000000000001,161.18233941229704,0.7803289626291228,2865.877521056675,0.19327697553704298,0.006315178576951563,0.49383,0.06799999999999998,0.7862001477768639,27
imitation_weight,0.0,8,0.9800000000000001,167.06229455397892,0.7796185177453283,2981.004066043099,0.0,0.006540735266497978,0.52956,0.040000000000000036,0.7952870382637907,34
imitation_weight,0.0,9,0.9700000000000001,164.10889539961389,0.7910947570077468,3020.0463021329238,0.0,0.006348528283993911,0.51196,0.07999999999999996,0.8060377870480007,72
imitation_weight,0.0,10,0.99,159.03022925089334,0.7643970433208529,2822.1684059998524,0.0,0.00727091501859563,0.5742,0.040000000000000036,0.7902731212271116,120
imitation_weight,0.0,11,0.9700000000000001,172.954836496761,0.7768271656259085,2890.2071287583303,0.0,0.008562552796278329,0.5429799999999999,0.07999999999999996,0.7924777411989616,23
imitation_weight,0.0,12,0.9700000000000001,169.60282400344582,0.8025111794394257,2984.845195482191,0.0,0.00843890952824027,0.46900000000000014,0.07999999999999996,0.8023657179101382,35
imitation_weight,0.0,13,0.9800000000000001,169.63932241522707,0.7671429630029851,2724.800387197185,0.0,0.0050918444001219225,0.5168200000000001,0.040000000000000036,0.7894132081973922,42
imitation_weight,0.0,14,0.9499999999999998,171.35205828882113,0.7875097517903897,2990.4737109750927,0.0,0.023641133705065036,0.51162,0.07999999999999996,0.7821128181396226,40
imitation_weight,0.0,15,0.9800000000000001,167.1737073375661,0.7760916741956466,3049.4548946432446,0.0,0.009592439604504644,0.4687200000000001,0.040000000000000036,0.8005056036647469,82
imitation_weight,0.0,16,0.9800000000000001,166.83603480859176,0.7782221013958959,2828.49070436947,0.0,0.009468317710803503,0.52488,0.040000000000000036,0.8017939310158286,14
imitation_weight,0.0,17,0.9600000000000002,163.42913434399685,0.762758076961455,2751.5465470481267,0.0,0.004675116623093336,0.54018,0.12000000000000002,0.789488558080698,113
imitation_weight,0.0,18,0.9499999999999998,165.65904718609272,0.7762605512016584,2775.3617689565044,0.0,0.012357367993329111,0.5940399999999999,0.039999999999999925,0.7750020670458458,33
imitation_weight,0.0,19,0.9700000000000001,164.62514460217847,0.7761764333489146,2641.100121328263,0.0,0.022992694282376464,0.6379400000000001,0.07999999999999996,0.8000227874074156,20
imitation_weight,0.0,20,0.9499999999999998,170.91379302189415,0.7835342372747932,2789.1750157432043,0.0,0.03500172203574283,0.6415000000000001,0.039999999999999925,0.7806451688830561,120
imitation_weight,0.0,21,0.99,163.5298114959217,0.7731866608191701,2849.2744641875825,0.0,0.026742413304133267,0.43065999999999993,0.040000000000000036,0.8034625336532351,14
imitation_weight,0.0,22,0.9600000000000002,163.9882951607808,0.7637553427650376,2702.7427238921528,0.0,0.007646902573112851,0.50742,0.07999999999999996,0.7872465985230395,120
imitation_weight,0.0,23,0.9800000000000001,160.23534625616972,0.7629642502968973,2894.125394128201,0.0,0.009767679750343174,0.52472,0.040000000000000036,0.7920208323031941,14
imitation_weight,0.0,24,0.9600000000000002,158.75039161387778,0.7623555926225603,2472.8851601956317,0.0,0.010132251974304634,0.4622800000000001,0.07999999999999996,0.7824018367671175,113
imitation_weight,0.0,25,0.9700000000000001,168.0893290239746,0.792809532952441,3161.7263514714664,0.0,0.008328694053472845,0.5077400000000001,0.040000000000000036,0.7966445234381998,120
imitation_weight,0.0,26,0.9700000000000001,165.74597759186204,0.7962742232225808,2752.209949150604,0.0,0.017284434673560257,0.48638000000000003,0.07999999999999996,0.8009536638244198,23
imitation_weight,0.0,27,0.9600000000000002,169.29407030368628,0.7856721861985665,2907.6653060790136,0.0,0.006367614970548036,0.6497,0.07999999999999996,0.783590265325988,40
imitation_weight,0.0,28,0.9499999999999998,165.12243804682566,0.764510792188652,2706.379528935976,0.0,0.019614587483842205,0.36344000000000004,0.07999999999999996,0.7735622505931163,60
imitation_weight,0.0,29,0.9600000000000002,168.6642741885708,0.7974330614446854,3058.2524216721004,0.0,0.0037044018295246035,0.5279599999999999,0.12000000000000002,0.7944721576473666,40
imitation_weight,0.5,0,0.9700000000000001,172.01355633228656,0.7880949813291306,2904.2604157789256,0.0,0.012093814036618385,0.58714,0.07999999999999996,0.8000734406979418,43
imitation_weight,0.5,1,0.9650000000000001,163.9760266819516,0.7911260059352068,2863.708544400424,0.0,0.019138832288570447,0.45529000000000003,0.07999999999999996,0.7965881936731137,64
imitation_weight,0.5,2,0.9600000000000002,169.34583040922848,0.7740497083119119,2788.5163877712976,0.0,0.017800618077801207,0.48007999999999995,0.16000000000000006,0.7895592762654219,29
imitation_weight,0.5,3,0.9600000000000002,168.86378333453973,0.7719875013463184,2961.594115011879,0.0,0.005154425878918125,0.48912000000000005,0.12000000000000002,0.7877465721504253,20
imitation_weight,0.5,4,0.93,170.00644077801726,0.7687351780787711,2720.9020595647867,0.0,0.004568027022147068,0.4648600000000001,0.12000000000000002,0.7727899395977822,15
imitation_weight,0.5,5,0.9600000000000002,162.33238939490312,0.7597228663459179,2642.962314788639,0.0,0.006222009201374517,0.49851999999999996,0.07999999999999996,0.7896103660029786,84
imitation_weight,0.5,6,0.9800000000000001,164.50134114332675,0.753638468913713,2773.2941653278003,0.0,0.01213053861025195,0.47314,0.040000000000000036,0.7897947565313503,33
imitation_weight,0.5,7,0.9630000000000001,161.1673653104811,0.7802682331672091,2865.3880982361843,0.19331053999375314,0.006359456204534049,0.49467,0.06799999999999998,0.7861941983703946,27
imitation_weight,0.5,8,0.9800000000000001,167.0586172339902,0.7796261268009375,2980.911668260447,0.0,0.00651650025047773,0.52956,0.040000000000000036,0.7952921323201012,34
imitation_weight,0.5,9,0.9700000000000001,164.1116103307065,0.7910846333833714,3020.13266397442,0.0,0.006355345976871002,0.51196,0.07999999999999996,0.8060328170320143,72
imitation_weight,0.5,10,0.99,159.05214197816832,0.7642520998484864,2823.186548108737,0.0,0.007340965199663772,0.578,0.040000000000000036,0.7902111976677746,120
imitation_weight,0.5,11,0.9700000000000001,172.95279298708243,0.7768297271196779,2890.1736243315436,0.0,0.008595357506661763,0.5429799999999999,0.07999999999999996,0.7924799850973067,23
imitation_weight,0.5,12,0.9700000000000001,169.59676869748552,0.8025325676081373,2984.569618619768,0.0,0.00845343376689354,0.46900000000000014,0.07999999999999996,0.8023765365304477,120
imitation_weight,0.5,13,0.9800000000000001,169.63113072758284,0.7671739569980316,2724.335593550198,0.0,0.005157409350024998,0.5168200000000001,0.040000000000000036,0.7894288575850521,42
imitation_weight,0.5,14,0.9499999999999998,171.3546179683783,0.7874932503122315,2990.5111089454067,0.0,0.02370117936035217,0.51162,0.07999999999999996,0.7821059610819736,40
imitation_weight,0.5,15,0.9800000000000001,167.16893236338086,0.7761066245850902,3049.2735124489773,0.0,0.009572292133995195,0.4687200000000001,0.040000000000000036,0.8005135814629835,82
imitation_weight,0.5,16,0.9800000000000001,166.8258032458728,0.778247823226885,2828.16190698071,0.0,0.00951678783866211,0.52488,0.040000000000000036,0.8018091090008292,14
imitation_weight,0.5,17,0.9600000000000002,163.43931866279422,0.7627254898643199,2751.791667984171,0.0,0.00472011971491749,0.54018,0.12000000000000002,0.7894713530218598,113
imitation_weight,0.5,18,0.9499999999999998,165.66072555246882,0.7762561497476604,2775.3749992934427,0.0,0.012406479461875074,0.5940399999999999,0.039999999999999925,0.7749994190642163,33
imitation_weight,0.5,19,0.9700000000000001,164.63465316280715,0.776145272081114,2641.409833871055,0.0,0.02321088174716778,0.6379400000000001,0.07999999999999996,0.8000066305626776,20
imitation_weight,0.5,20,0.9499999999999998,170.92392831386138,0.7834900834772923,2789.4897569648883,0.0,0.035271643388721144,0.6415000000000001,0.039999999999999925,0.7806242526619436,120
imitation_weight,0.5,21,0.99,163.54986858760418,0.7731354012604928,2849.8635927522464,0.0,0.02671527926894122,0.43065999999999993,0.040000000000000036,0.8034320133451629,14
imitation_weight,0.5,22,0.9600000000000002,163.99483706451923,0.7637349656600556,2702.842068473988,0.0,0.007739106823416646,0.50742,0.07999999999999996,0.7872356216283707,120
imitation_weight,0.5,23,0.9800000000000001,160.24791673400688,0.7629314950475077,2894.407982037367,0.0,0.009771586833048301,0.52472,0.040000000000000036,0.7920010779856206,14
imitation_weight,0.5,24,0.9600000000000002,158.75593820109174,0.7623384066592904,2472.929089306727,0.0,0.010181587897436846,0.4622800000000001,0.07999999999999996,0.7823922676470308,113
imitation_weight,0.5,25,0.9700000000000001,168.08792623753817,0.792825085703258,3161.456823326619,0.0,0.008389471099664314,0.5077400000000001,0.040000000000000036,0.7966502356517359,120
imitation_weight,0.5,26,0.9700000000000001,165.72441821761248,0.7963341720604359,2751.507703379959,0.0,0.017327013953380294,0.48638000000000003,0.07999999999999996,0.8009876387975012,23
imitation_weight,0.5,27,0.9600000000000002,169.01492880183613,0.7847166485380518,2902.2472615643355,0.0,0.006446824726572044,0.6327200000000002,0.07999999999999996,0.7835213684179418,40
imitation_weight,0.5,28,0.9499999999999998,165.11663092449695,0.7645336876426917,2706.10467007314,0.0,0.019608754626650248,0.36344000000000004,0.07999999999999996,0.7735737091658146,60
imitation_weight,0.5,29,0.9600000000000002,168.6552774372562,0.79705308869144,3059.4704519914403,0.0,0.003840055700868098,0.54198,0.12000000000000002,0.7943648271455973,41
imitation_weight,1.0,0,0.9700000000000001,172.01653906372104,0.7880832421371127,2904.3552522737136,0.0,0.012185722901282175,0.58714,0.07999999999999996,0.8000678313399702,43
imitation_weight,1.0,1,0.9650000000000001,163.9908127015095,0.7910801454397436,2864.2599560687568,0.0,0.019098346906848793,0.45529000000000003,0.07999999999999996,0.7965633325340957,64
imitation_weight,1.0,2,0.9600000000000002,169.33720565223717,0.7740762626255245,2788.1302913234094,0.0,0.01786625723343506,0.48007999999999995,0.16000000000000006,0.7895734910781476,29
imitation_weight,1.0,3,0.9600000000000002,168.85965898097623,0.7720011664567025,2961.4097108724714,0.0,0.005208601571808389,0.48912000000000005,0.12000000000000002,0.7877536969253128,20
imitation_weight,1.0,4,0.93,169.99664431423474,0.7687622219423846,2720.592868738785,0.0,0.004575804684287215,0.4648600000000001,0.12000000000000002,0.7728051243956326,15
imitation_weight,1.0,5,0.9600000000000002,164.30832263313442,0.7688028431539922,2682.1835762187525,0.0,0.006142160444751956,0.4964400000000001,0.07999999999999996,0.7908941231208212,113
imitation_weight,1.0,6,0.9800000000000001,164.50831184705072,0.7536240396313965,2773.416399563305,0.0,0.012200643850995778,0.4721,0.040000000000000036,0.7897850736475014,33
imitation_weight,1.0,7,0.9630000000000001,161.17315428127137,0.7802635565732188,2865.3755409790347,0.1933460868519238,0.006397898647631878,0.49467,0.06799999999999998,0.7861881647720302,27
imitation_weight,1.0,8,0.9800000000000001,167.05825494670816,0.7796248998045476,2980.912204774743,0.0,0.006498734555422099,0.52956,0.040000000000000036,0.7952920036049773,34
imitation_weight,1.0,9,0.9700000000000001,164.11663313756426,0.7904340823262133,3021.7942854593116,0.0,0.006366187052511629,0.51196,0.07999999999999996,0.8058340820098854,72
imitation_weight,1.0,10,0.99,159.70939347227892,0.764967862746907,2822.8673600759985,0.0,0.007425276505261075,0.60564,0.040000000000000036,0.7898719182358246,120
imitation_weight,1.0,11,0.9700000000000001,172.97700665755266,0.7768634234459599,2890.724668578701,0.0,0.008627585747948124,0.5418399999999999,0.07999999999999996,0.7924724766184273,23
imitation_weight,1.0,12,0.9700000000000001,169.58704068802507,0.8025525925236279,2984.3083172273555,0.0,0.008471170992724113,0.46900000000000014,0.07999999999999996,0.8023896184200947,120
imitation_weight,1.0,13,0.9800000000000001,169.62288922507983,0.7672048978853285,2723.877217305101,0.0,0.00522105488674029,0.5168200000000001,0.040000000000000036,0.7894445235204872,42
imitation_weight,1.0,14,0.9499999999999998,171.3512161048317,0.7875127012022025,2990.2938776059373,0.0,0.023774853092258522,0.51162,0.07999999999999996,0.7821143870165893,34
imitation_weight,1.0,15,0.9800000000000001,167.1609521148191,0.7761300703160916,3049.010476826497,0.0,0.009552630117545504,0.4687200000000001,0.040000000000000036,0.8005264530115322,82
imitation_weight,1.0,16,0.9800000000000001,166.8064920334853,0.7783043058680408,2827.2389361687647,0.0,0.009536123633328036,0.52302,0.040000000000000036,0.8018402602612111,14
imitation_weight,1.0,17,0.9600000000000002,163.44787492535878,0.7626977020664956,2752.0123483958764,0.0,0.004753001666106783,0.54018,0.12000000000000002,0.7894567748175934,113
imitation_weight,1.0,18,0.9499999999999998,165.66286847154691,0.7762500949206321,2775.4088751226604,0.0,0.012453431730354316,0.5940399999999999,0.039999999999999925,0.7749959027426796,33
imitation_weight,1.0,19,0.9700000000000001,164.84218761223133,0.7756358991825462,2648.146041991758,0.0,0.023452414504479293,0.6310400000000002,0.07999999999999996,0.7997055146384818,20
imitation_weight,1.0,20,0.9499999999999998,170.93280965745683,0.7834505558788004,2789.7539188141836,0.0,0.035555713397312276,0.6415000000000001,0.039999999999999925,0.7806056639031109,120
imitation_weight,1.0,21,0.99,161.97509187243242,0.7731830534429129,2846.1779269991707,0.0,0.026672869064293538,0.43916000000000005,0.040000000000000036,0.804635568593446,14
imitation_weight,1.0,22,0.9600000000000002,164.00182017449941,0.7637134142489043,2702.95552883473,0.0,0.007836905686909456,0.50742,0.07999999999999996,0.7872239642217169,120
imitation_weight,1.0,23,0.9800000000000001,160.25980992105514,0.7628973960165105,2894.70529554149,0.0,0.009782815914888826,0.52472,0.040000000000000036,0.7919814534821044,14
imitation_weight,1.0,24,0.9600000000000002,158.74596691850212,0.7623040161298752,2472.622190847086,0.0,0.010233745894504922,0.4632600000000001,0.07999999999999996,0.7823897995766738,113
imitation_weight,1.0,25,0.9700000000000001,168.08607754849118,0.7927192227293626,3161.122964363089,0.0,0.00843071982002818,0.4948200000000001,0.040000000000000036,0.7966198628059776,120
imitation_weight,1.0,26,0.9700000000000001,165.70163908495402,0.7963980530152306,2750.7678484256803,0.0,0.017351576136842486,0.48638000000000003,0.07999999999999996,0.8010236959735331,23
imitation_weight,1.0,27,0.9600000000000002,169.0155803189576,0.7847179690610174,2902.2135196588565,0.0,0.0064712366089111645,0.6327200000000002,0.07999999999999996,0.7835212347117169,40
imitation_weight,1.0,28,0.9499999999999998,165.1119909301054,0.7645515034172004,2705.883121166807,0.0,0.019605427603045993,0.36344000000000004,0.07999999999999996,0.7735827127748677,60
imitation_weight,1.0,29,0.9600000000000002,168.65355567706155,0.7970570971745644,3059.4390300001605,0.0,0.0038515000899761844,0.54198,0.12000000000000002,0.7943673052246902,41
imitation_weight,1.5,0,0.9700000000000001,172.01979642113005,0.7880707293529904,2904.459816653739,0.0,0.01226345031845996,0.58714,0.07999999999999996,0.8000617939399499,43
imitation_weight,1.5,1,0.9650000000000001,164.09418096574169,0.7911216270817998,2866.823688972199,0.0,0.019058321222714208,0.45307000000000003,0.07999999999999996,0.7964987686647014,64
imitation_weight,1.5,2,0.9600000000000002,169.43811539371802,0.7742802313447336,2790.1118270043044,0.0,0.017921608738386455,0.47589999999999993,0.16000000000000006,0.7895610174720413,29
imitation_weight,1.5,3,0.9600000000000002,168.8546460365422,0.7720173330495144,2961.204512911886,0.0,0.005255281942008925,0.48912000000000005,0.12000000000000002,0.7877622237688175,20
imitation_weight,1.5,4,0.93,169.97751573163526,0.768814476633925,2720.054484200305,0.0,0.004586656000961351,0.4648600000000001,0.12000000000000002,0.7728346159819368,15
imitation_weight,1.5,5,0.9600000000000002,164.32982286403904,0.7688781253945831,2682.4843437309564,0.0,0.0061551106350389885,0.4941200000000001,0.07999999999999996,0.790901064414719,113
imitation_weight,1.5,6,0.9800000000000001,164.5070421771161,0.7536272146154224,2773.2735564170134,0.0,0.012266909838484519,0.4721,0.040000000000000036,0.7897870009660793,33
imitation_weight,1.5,7,0.9630000000000001,161.28069839755037,0.7801746839470025,2867.8849195553053,0.1936299492318171,0.006420761767945792,0.48651,0.06799999999999998,0.786074837354086,27
imitation_weight,1.5,8,0.9800000000000001,167.0926817475122,0.779698524747962,2981.731993508979,0.0,0.006483630777538244,0.5295399999999999,0.040000000000000036,0.795287568308555,34
imitation_weight,1.5,9,0.9700000000000001,164.17440437133558,0.7904839689889551,3023.1401064384563,0.0,0.006391043743139482,0.50648,0.07999999999999996,0.8058081295452715,72
imitation_weight,1.5,10,0.99,159.77698969530644,0.76488613557126,2824.913821174275,0.0,0.00748438308365353,0.60334,0.040000000000000036,0.789790637469959,120
imitation_weight,1.5,11,0.9700000000000001,173.02152761583403,0.7768773182220714,2891.829583730707,0.0,0.00865076324793915,0.5396599999999999,0.07999999999999996,0.7924442252634358,23
imitation_weight,1.5,12,0.9700000000000001,169.58137941830358,0.8025730766337167,2984.039765030292,0.0,0.008489397209402352,0.46900000000000014,0.07999999999999996,0.8023998796327179,120
imitation_weight,1.5,13,0.9800000000000001,169.86171612594583,0.767308265134399,2729.285082734276,0.0,0.00528433369858746,0.50754,0.040000000000000036,0.7892905227004253,42
imitation_weight,1.5,14,0.9499999999999998,171.3557500269839,0.7874983879075087,2990.3229705517924,0.0,0.023839965791386745,0.51162,0.07999999999999996,0.7821066894585321,34
imitation_weight,1.5,15,0.9800000000000001,167.15760791467466,0.7761409231104694,3048.883153728371,0.0,0.009529204256282805,0.4687200000000001,0.040000000000000036,0.800532155851244,82
imitation_weight,1.5,16,0.9800000000000001,166.67711919472052,0.7782215270272985,2829.1318842715796,0.0,0.009583179106070563,0.52018,0.040000000000000036,0.8019098373172113,14
imitation_weight,1.5,17,0.9600000000000002,163.46139337738325,0.7627363437651495,2752.1947144204773,0.0,0.0047963729387675725,0.54018,0.12000000000000002,0.7894585057656832,113
imitation_weight,1.5,18,0.9499999999999998,165.649187315272,0.776319325297621,2774.785797847117,0.0,0.01249677920510599,0.59128,0.039999999999999925,0.775027540164906,33
imitation_weight,1.5,19,0.9700000000000001,164.8772585874902,0.7750756487660796,2649.7312809234413,0.0,0.023833543941570355,0.6252800000000001,0.07999999999999996,0.7995122535722743,14
imitation_weight,1.5,20,0.9499999999999998,170.96363992124967,0.7833974835788242,2790.1792973408014,0.0,0.03587820022291238,0.6415000000000001,0.039999999999999925,0.7805663991685894,120
imitation_weight,1.5,21,0.99,161.9888145494383,0.7731430599842037,2846.6438621954308,0.0,0.02665498996326172,0.43916000000000005,0.040000000000000036,0.804613212854051,14
imitation_weight,1.5,22,0.9600000000000002,163.978285415387,0.7636547868774821,2702.3772685450217,0.0,0.007931609956472536,0.5118,0.07999999999999996,0.7872238020121246,120
imitation_weight,1.5,23,0.9800000000000001,160.3246202727574,0.7629377976103843,2896.054818724634,0.0,0.00980003223112936,0.5152399999999999,0.040000000000000036,0.7919423595313367,14
imitation_weight,1.5,24,0.9600000000000002,158.75165728523348,0.7622864147173616,2472.6770111490964,0.0,0.010282464138704825,0.4632600000000001,0.07999999999999996,0.7823799921380888,113
imitation_weight,1.5,25,0.9700000000000001,168.08492235684537,0.7927332032312548,3160.8826896467644,0.0,0.008485151751661944,0.4948200000000001,0.040000000000000036,0.7966249194910011,120
imitation_weight,1.5,26,0.9700000000000001,165.68180803749524,0.7964534373664842,2750.115380072126,0.0,0.01738092482496315,0.48638000000000003,0.07999999999999996,0.801055016933957,23
imitation_weight,1.5,27,0.9600000000000002,169.21786288961857,0.7850361598695275,2906.512566395682,0.0,0.006496241673534064,0.6214999999999999,0.07999999999999996,0.783459156528272,40
imitation_weight,1.5,28,0.9499999999999998,165.10830902328593,0.7645664763347013,2705.7026562398487,0.0,0.01959860943766565,0.36344000000000004,0.07999999999999996,0.7735901075094336,60
imitation_weight,1.5,29,0.9600000000000002,168.65736473689532,0.7970758336491242,3059.5106002781013,0.0,0.003855317511855424,0.54102,0.12000000000000002,0.7943700641874903,41
imitation_weight,2.0,0,0.9700000000000001,172.02585514723197,0.7880624415479562,2904.631320160054,0.0,0.012329621644157126,0.58752,0.07999999999999996,0.8000550306267383,71
imitation_weight,2.0,1,0.9550000000000001,165.65111086816023,0.7899757624768915,2824.5014849094323,0.0,0.018997473523381065,0.45495,0.12000000000000002,0.789983532656228,64
imitation_weight,2.0,2,0.9600000000000002,169.46207961945126,0.7743620134503347,2790.483338204028,0.0,0.01797880119587619,0.47481999999999996,0.16000000000000006,0.7895683152206789,29
imitation_weight,2.0,3,0.9600000000000002,168.8522260981354,0.7720260235729659,2961.090723338098,0.0,0.005300431586643799,0.48912000000000005,0.12000000000000002,0.7877666060210676,20
imitation_weight,2.0,4,0.93,169.971172847127,0.7688326486528505,2719.8198772607275,0.0,0.0046013659804681195,0.4648600000000001,0.12000000000000002,0.7728446442631056,15
imitation_weight,2.0,5,0.9600000000000002,164.31949336281212,0.7689220470267812,2682.0532109869996,0.0,0.006169394649987319,0.4942000000000001,0.07999999999999996,0.7909217403906463,113
imitation_weight,2.0,6,0.9800000000000001,164.4962321421828,0.7533519703818754,2773.3778628488008,0.0,0.01233207109658184,0.4721,0.040000000000000036,0.7897127275131827,33
imitation_weight,2.0,7,0.9630000000000001,161.2829333986785,0.7801710634235819,2867.8626773889287,0.1936622293236822,0.006458222195189536,0.48651,0.06799999999999998,0.7860719740098221,27
imitation_weight,2.0,8,0.9800000000000001,167.12553120974079,0.7797260855432959,2982.511035168643,0.0,0.006469511875054616,0.5271999999999999,0.040000000000000036,0.795270956198826,34
imitation_weight,2.0,9,0.9700000000000001,164.18596238287597,0.7904574571077071,3023.4605553717793,0.0,0.00639977564538345,0.50648,0.07999999999999996,0.8057919801065108,72
imitation_weight,2.0,10,0.99,159.79979339213918,0.7647922511198203,2825.978760544964,0.0,0.00750874752844269,0.61454,0.040000000000000036,0.7897432108245879,120
imitation_weight,2.0,11,0.9700000000000001,172.97871103539316,0.7763075731575702,2891.2774396808372,0.0,0.008671963222342854,0.5275,0.07999999999999996,0.7923043940328801,23
imitation_weight,2.0,12,0.9700000000000001,169.5624053559903,0.8031762297046587,2979.7941763862514,0.0,0.008618300121330795,0.47068000000000004,0.07999999999999996,0.8025946578156369,35
imitation_weight,2.0,13,0.9800000000000001,169.85487034457478,0.7673343390589289,2728.8879728170405,0.0,0.005340743624978415,0.50754,0.040000000000000036,0.7893036466005944,42
imitation_weight,2.0,14,0.9499999999999998,171.43286104861573,0.7875595767470219,2991.8668421066022,0.0,0.023935390618006848,0.5073599999999999,0.07999999999999996,0.7820668266704833,34
imitation_weight,2.0,15,0.9800000000000001,167.15370110448802,0.7761532947861628,3048.7323356395455,0.0,0.009509193768493986,0.4687200000000001,0.040000000000000036,0.8005387252913685,82
imitation_weight,2.0,16,0.9800000000000001,164.84648524093683,0.7781749526476639,2829.089711991358,0.0,0.009620573085447327,0.5176799999999999,0.040000000000000036,0.8032312195045096,14
imitation_weight,2.0,17,0.9600000000000002,163.4725916017719,0.7627019343310177,2752.4642059113867,0.0,0.004841516182177031,0.54018,0.12000000000000002,0.7894400127077198,113
imitation_weight,2.0,18,0.9499999999999998,165.67367466929528,0.776277652362608,2775.5467666167697,0.0,0.012531306205109876,0.5845799999999999,0.039999999999999925,0.7749952426029633,33
imitation_weight,2.0,19,0.9700000000000001,165.02834273014096,0.775584460601019,2652.8027139384712,0.0,0.024010530333654335,0.5963,0.07999999999999996,0.7995567551671696,14
imitation_weight,2.0,20,0.9499999999999998,170.94090181519653,0.7833238438058553,2789.8047984670675,0.0,0.036164180000071315,0.6441000000000001,0.039999999999999925,0.7805616380567514,120
imitation_weight,2.0,21,0.99,162.36669044763866,0.7732435407059323,2855.8408250778566,0.0,0.026623581949731807,0.43054,0.040000000000000036,0.8043580987040988,14
imitation_weight,2.0,22,0.9600000000000002,163.98464472107048,0.7636354632041442,2702.4754839697275,0.0,0.007984783567457998,0.5118,0.07999999999999996,0.7872132735454435,120
imitation_weight,2.0,23,0.9800000000000001,160.33652912988816,0.7629112300371415,2896.2823478726013,0.0,0.009818795118253445,0.5152399999999999,0.040000000000000036,0.7919249825880387,14
imitation_weight,2.0,24,0.9600000000000002,158.7393889264816,0.7622608383405253,2472.3044039137894,0.0,0.010328663186775847,0.47287999999999997,0.07999999999999996,0.7823820839826021,113
imitation_weight,2.0,25,0.9700000000000001,168.0282971768005,0.7925568297291437,3159.9714641533656,0.0,0.008543508123709295,0.49352000000000007,0.040000000000000036,0.796614426114137,120
imitation_weight,2.0,26,0.9700000000000001,165.70221192331624,0.7965782745333103,2750.319127907539,0.0,0.017404962930436956,0.484,0.07999999999999996,0.8010773708465948,23
imitation_weight,2.0,27,0.9600000000000002,168.8897127633223,0.7847588541778168,2902.92834423246,0.0,0.0065156170057338895,0.63012,0.07999999999999996,0.7836319347735359,40
imitation_weight,2.0,28,0.9499999999999998,165.0920745073284,0.7645985214453916,2705.167293181305,0.0,0.01958656580087183,0.36562,0.07999999999999996,0.7736126130381793,60
imitation_weight,2.0,29,0.9600000000000002,168.65508433175523,0.7970813774125592,3059.4559134756055,0.0,0.003857042167181306,0.54102,0.12000000000000002,0.7943734169100681,41
gap_beta,1.0,0,0.9700000000000001,177.659550268326,0.7871819670029264,2901.154390897499,0.0,0.012164419681000934,0.6089800000000001,0.07999999999999996,0.7958171355268935,43
gap_beta,1.0,1,0.9650000000000001,163.50129055997613,0.7893537941209081,2874.2563668525763,0.0,0.019179995852383846,0.46882999999999997,0.07999999999999996,0.7964138747015111,64
gap_beta,1.0,2,0.9700000000000001,167.92619820106074,0.7727545555578502,2806.3683442655783,0.0,0.01784635819939361,0.44692,0.12000000000000002,0.7951986149548718,29
gap_beta,1.0,3,0.9700000000000001,164.54402044646892,0.7697019514016477,2985.2166013029173,0.0,0.0053232144023763585,0.4940399999999999,0.07999999999999996,0.795229235810441,20
gap_beta,1.0,4,0.93,167.64402910323625,0.7678599328198052,2717.060332257532,0.0,0.004572942839970225,0.4408,0.12000000000000002,0.7742341777194977,15
gap_beta,1.0,5,0.9700000000000001,160.42630952394484,0.7638167570973735,2671.5821925307123,0.0,0.006222696288830623,0.55082,0.07999999999999996,0.7972276930770523,113
gap_beta,1.0,6,0.9800000000000001,166.76943093186924,0.7536346950076072,2769.2009895856586,0.0,0.012185392533051342,0.4841800000000001,0.040000000000000036,0.7880522823073449,33
gap_beta,1.0,7,0.983,153.1614539657291,0.7803064442707174,2911.505258234648,0.19266906625835897,0.006472893328600809,0.5423499999999999,0.06799999999999998,0.8026325103579295,27
gap_beta,1.0,8,0.99,163.8376215482853,0.7770680722502786,3001.4634114397813,0.0,0.006298619538100886,0.5271399999999999,0.040000000000000036,0.8020054920975038,36
gap_beta,1.0,9,0.9800000000000001,163.70402743663323,0.7903692250635568,3045.781223360151,0.0,0.006351993155861764,0.5518799999999999,0.040000000000000036,0.811107021186471,72
gap_beta,1.0,10,0.99,158.91170455412862,0.7649275643780435,2818.5198906338137,0.0,0.007407985640693536,0.5928399999999999,0.040000000000000036,0.7905324165123802,120
gap_beta,1.0,11,0.99,170.1356928149075,0.7765842256797408,2960.2490737460585,0.0,0.00855574399193126,0.5515399999999999,0.040000000000000036,0.8044512987902264,23
gap_beta,1.0,12,0.9700000000000001,172.5830245326268,0.8043085142607624,2986.805163616536,0.0,0.008538405212118346,0.47598,0.07999999999999996,0.8007367620034567,35
gap_beta,1.0,13,0.9800000000000001,163.38054057510413,0.7662860530590284,2718.404524423523,0.0,0.005078860778988742,0.5505399999999999,0.040000000000000036,0.7939817256370577,42
gap_beta,1.0,14,0.9600000000000002,165.44500850467506,0.7853388524979129,3022.158066402385,0.0,0.023602283955623908,0.5214000000000001,0.07999999999999996,0.790913348727954,34
gap_beta,1.0,15,0.9800000000000001,170.33716747701317,0.775508142554982,3050.1601384433097,0.0,0.009602910600680612,0.47936000000000006,0.040000000000000036,0.7980160365395675,82
gap_beta,1.0,16,0.99,162.2279844272269,0.776418041269212,2879.7575811425904,0.0,0.009579558551358724,0.45118,0.040000000000000036,0.8096141404508854,14
gap_beta,1.0,17,0.9800000000000001,159.39165252460083,0.7605430097383284,2802.225291688461,0.0,0.0048205504442942575,0.55088,0.07999999999999996,0.8017725169481545,112
gap_beta,1.0,18,0.9700000000000001,161.26133221615135,0.7740986402758423,2847.34677915223,0.0,0.012439678699943732,0.6164799999999999,0.040000000000000036,0.7878808104181765,33
gap_beta,1.0,19,0.9700000000000001,162.9905958856687,0.7750502256967146,2644.0266926137538,0.0,0.022872137038740192,0.61858,0.07999999999999996,0.800855058140179,20
gap_beta,1.0,20,0.9700000000000001,161.59366724846225,0.7841255427867868,2815.3769959135334,0.0,0.035974651277034295,0.7183399999999999,0.040000000000000036,0.7978799134564737,120
gap_beta,1.0,21,0.99,159.29407838145494,0.7741692670934655,2831.8096340405928,0.0,0.0266905761921384,0.46460000000000007,0.040000000000000036,0.8069561610893846,14
gap_beta,1.0,22,0.99,156.69373552028136,0.7636039033281584,2786.3192685309837,0.0,0.008080849923152559,0.56986,0.040000000000000036,0.8076229798180613,120
gap_beta,1.0,23,1.0,156.2364397886072,0.7622358149553431,2958.621719894183,0.0,0.009931391257570327,0.5035200000000001,0.0,0.8049690907107371,14
gap_beta,1.0,24,0.9700000000000001,157.92086550857283,0.7602352674605796,2482.908958800622,0.0,0.010085128449236487,0.49350000000000005,0.07999999999999996,0.7874257856313018,113
gap_beta,1.0,25,0.9700000000000001,164.69831947148649,0.7912367042872385,3149.1589203297835,0.0,0.008430618733894165,0.4932600000000001,0.040000000000000036,0.7987184330850192,120
gap_beta,1.0,26,0.9700000000000001,164.32115337237508,0.7948814913728052,2747.3845028440073,0.0,0.01732127623397594,0.5076800000000001,0.07999999999999996,0.8015925641953381,23
gap_beta,1.0,27,0.9700000000000001,164.0477423150423,0.7846390219370486,2897.78599845282,0.0,0.006205932835711229,0.6073000000000001,0.07999999999999996,0.7923738706699717,40
gap_beta,1.0,28,0.9499999999999998,163.02831305064532,0.7656703599604597,2700.8503960707467,0.0,0.019564831710089794,0.37132000000000004,0.07999999999999996,0.7755688454844727,60
gap_beta,1.0,29,0.9700000000000001,165.33312268363176,0.7959337296419103,3036.050668105472,0.0,0.0039661958868216236,0.5622199999999999,0.07999999999999996,0.8014864644566201,41
gap_beta,2.0,0,0.9700000000000001,175.85583906296378,0.7880832421371127,2904.3552522737136,0.0,0.012185722901282175,0.58714,0.07999999999999996,0.7973592257790173,43
gap_beta,2.0,1,0.9650000000000001,167.95530733926955,0.7910801454397436,2864.2599560687568,0.0,0.019098346906848793,0.45529000000000003,0.07999999999999996,0.793583236534945,64
gap_beta,2.0,2,0.9600000000000002,173.17102317383814,0.7740781629694866,2788.108842031726,0.0,0.017866309317420597,0.48007999999999995,0.16000000000000006,0.7867973060848369,29
gap_beta,2.0,3,0.9600000000000002,171.72366027411007,0.7713081649390809,2961.38601484155,0.0,0.005208721622068742,0.48912000000000005,0.12000000000000002,0.7854452514622319,20
gap_beta,2.0,4,0.93,172.39147614359385,0.7687622219423846,2720.592868738785,0.0,0.004575804684287215,0.4648600000000001,0.12000000000000002,0.7710748456062545,15
gap_beta,2.0,5,0.9600000000000002,168.2702665440915,0.7688028431539922,2682.1835762187525,0.0,0.006142160444751956,0.4964400000000001,0.07999999999999996,0.7880067063493351,113
gap_beta,2.0,6,0.9800000000000001,166.79821273828804,0.7537250782220972,2774.9984567895162,0.0,0.012200607965163934,0.4721,0.040000000000000036,0.7880572975814439,33
gap_beta,2.0,7,0.9630000000000001,160.85022235250213,0.7812577918526113,2860.1132246522525,0.19325419462841759,0.006458063100645939,0.5084099999999999,0.06799999999999998,0.7867455027507398,27
gap_beta,2.0,8,0.99,167.38624595674383,0.7786820266186212,3005.2433769679437,0.0,0.006414132619809934,0.5172999999999999,0.040000000000000036,0.7997554987112108,35
gap_beta,2.0,9,0.9800000000000001,164.3414603509978,0.7902019736117343,3042.4630705962495,0.0,0.006385617705980021,0.56328,0.040000000000000036,0.8106052453496961,72
gap_beta,2.0,10,0.99,160.3453043429722,0.7654726440525981,2814.4144588288177,0.0,0.007502186578499279,0.6518,0.040000000000000036,0.7894875781128251,120
gap_beta,2.0,11,0.9700000000000001,174.74789075460887,0.7768205242992996,2890.3154484804168,0.0,0.00862755109218612,0.5418399999999999,0.07999999999999996,0.7911738822429487,23
gap_beta,2.0,12,0.9700000000000001,172.2580643041621,0.8028598739984055,2982.949036289892,0.0,0.00847097966405791,0.46900000000000014,0.07999999999999996,0.8005385717056545,120
gap_beta,2.0,13,0.9800000000000001,172.01667882666487,0.7672689720837367,2726.8799430658596,0.0,0.005236526144361075,0.4918600000000001,0.040000000000000036,0.7876175555906709,42
gap_beta,2.0,14,0.9499999999999998,173.59178125454866,0.7875765518430196,2988.825812544822,0.0,0.023738061675706926,0.52094,0.07999999999999996,0.780444995378062,34
gap_beta,2.0,15,0.9800000000000001,169.53140735334406,0.7756976040840884,3048.994241141458,0.0,0.009600372423846421,0.4795400000000001,0.040000000000000036,0.7986626635897707,82
gap_beta,2.0,16,0.9800000000000001,171.5510057200164,0.7783063201011199,2827.216976257654,0.0,0.00953604436437255,0.52302,0.040000000000000036,0.7983802889496558,14
gap_beta,2.0,17,0.9600000000000002,166.19442223857536,0.7607115242319236,2760.723948963801,0.0,0.004776277310851454,0.54116,0.12000000000000002,0.7868554026810479,113
gap_beta,2.0,18,0.9499999999999998,170.54074284365282,0.7762500949206321,2775.4088751226604,0.0,0.012453431730354316,0.5940399999999999,0.039999999999999925,0.7710833000253838,33
gap_beta,2.0,19,0.9700000000000001,167.5556433312359,0.7748457505727522,2652.3114639016662,0.0,0.023205463921111967,0.6311,0.07999999999999996,0.7975263827451448,20
gap_beta,2.0,20,0.9600000000000002,170.1504038037931,0.7852249286653452,2807.7822555018934,0.0,0.03565866045654212,0.69404,0.07999999999999996,0.7867306734151169,120
gap_beta,2.0,21,1.0,163.56572631450197,0.7713017884519496,2858.0555467654794,0.0,0.026774367102973373,0.46134000000000003,0.0,0.8078699581161792,14
gap_beta,2.0,22,0.9700000000000001,163.8234004141165,0.7636248509250911,2729.9876167895986,0.0,0.00792353908781184,0.51896,0.040000000000000036,0.7923299037915692,120
gap_beta,2.0,23,0.9800000000000001,164.35630193006998,0.7628973960165105,2894.70529554149,0.0,0.009782815914888826,0.52472,0.040000000000000036,0.7887375160406598,14
gap_beta,2.0,24,0.9600000000000002,162.43123638993697,0.7609783449471527,2475.3506183705686,0.0,0.010245229308796183,0.47287999999999997,0.07999999999999996,0.7790600009567077,113
gap_beta,2.0,25,0.9700000000000001,172.1744360354699,0.7922609718466634,3159.0229917060083,0.0,0.008422923076352673,0.49576000000000003,0.040000000000000036,0.793412854712002,120
gap_beta,2.0,26,0.9700000000000001,169.780386148975,0.7963980530152306,2750.7678484256803,0.0,0.017351576136842486,0.48638000000000003,0.07999999999999996,0.7979986251615573,23
gap_beta,2.0,27,0.9600000000000002,174.44273377004117,0.7847179690610174,2902.2135196588565,0.0,0.0064712366089111645,0.6327200000000002,0.07999999999999996,0.7792861266499552,40
gap_beta,2.0,28,0.9499999999999998,167.13936282712785,0.7645515034172004,2705.883121166807,0.0,0.019605427603045993,0.36344000000000004,0.07999999999999996,0.7719768722502706,60
gap_beta,2.0,29,0.9600000000000002,171.929788891391,0.7964358786687166,3059.8364441479284,0.0,0.0038375129524746768,0.5413199999999999,0.12000000000000002,0.7917575626411767,41
gap_beta,3.0,0,0.9700000000000001,172.01653906372104,0.7880832421371127,2904.3552522737136,0.0,0.012185722901282175,0.58714,0.07999999999999996,0.8000678313399702,43
gap_beta,3.0,1,0.9650000000000001,163.9908127015095,0.7910801454397436,2864.2599560687568,0.0,0.019098346906848793,0.45529000000000003,0.07999999999999996,0.7965633325340957,64
gap_beta,3.0,2,0.9600000000000002,169.33720565223717,0.7740762626255245,2788.1302913234094,0.0,0.01786625723343506,0.48007999999999995,0.16000000000000006,0.7895734910781476,29
gap_beta,3.0,3,0.9600000000000002,168.85965898097623,0.7720011664567025,2961.4097108724714,0.0,0.005208601571808389,0.48912000000000005,0.12000000000000002,0.7877536969253128,20
gap_beta,3.0,4,0.93,169.99664431423474,0.7687622219423846,2720.592868738785,0.0,0.004575804684287215,0.4648600000000001,0.12000000000000002,0.7728051243956326,15
gap_beta,3.0,5,0.9600000000000002,164.30832263313442,0.7688028431539922,2682.1835762187525,0.0,0.006142160444751956,0.4964400000000001,0.07999999999999996,0.7908941231208212,113
gap_beta,3.0,6,0.9800000000000001,164.50831184705072,0.7536240396313965,2773.416399563305,0.0,0.012200643850995778,0.4721,0.040000000000000036,0.7897850736475014,33
gap_beta,3.0,7,0.9630000000000001,161.17315428127137,0.7802635565732188,2865.3755409790347,0.1933460868519238,0.006397898647631878,0.49467,0.06799999999999998,0.7861881647720302,27
gap_beta,3.0,8,0.9800000000000001,167.05825494670816,0.7796248998045476,2980.912204774743,0.0,0.006498734555422099,0.52956,0.040000000000000036,0.7952920036049773,34
gap_beta,3.0,9,0.9700000000000001,164.11663313756426,0.7904340823262133,3021.7942854593116,0.0,0.006366187052511629,0.51196,0.07999999999999996,0.8058340820098854,72
gap_beta,3.0,10,0.99,159.70939347227892,0.764967862746907,2822.8673600759985,0.0,0.007425276505261075,0.60564,0.040000000000000036,0.7898719182358246,120
gap_beta,3.0,11,0.9700000000000001,172.97700665755266,0.7768634234459599,2890.724668578701,0.0,0.008627585747948124,0.5418399999999999,0.07999999999999996,0.7924724766184273,23
gap_beta,3.0,12,0.9700000000000001,169.58704068802507,0.8025525925236279,2984.3083172273555,0.0,0.008471170992724113,0.46900000000000014,0.07999999999999996,0.8023896184200947,120
gap_beta,3.0,13,0.9800000000000001,169.62288922507983,0.7672048978853285,2723.877217305101,0.0,0.00522105488674029,0.5168200000000001,0.040000000000000036,0.7894445235204872,42
gap_beta,3.0,14,0.9499999999999998,171.3512161048317,0.7875127012022025,2990.2938776059373,0.0,0.023774853092258522,0.51162,0.07999999999999996,0.7821143870165893,34
gap_beta,3.0,15,0.9800000000000001,167.1609521148191,0.7761300703160916,3049.010476826497,0.0,0.009552630117545504,0.4687200000000001,0.040000000000000036,0.8005264530115322,82
gap_beta,3.0,16,0.9800000000000001,166.8064920334853,0.7783043058680408,2827.2389361687647,0.0,0.009536123633328036,0.52302,0.040000000000000036,0.8018402602612111,14
gap_beta,3.0,17,0.9600000000000002,163.44787492535878,0.7626977020664956,2752.0123483958764,0.0,0.004753001666106783,0.54018,0.12000000000000002,0.7894567748175934,113
gap_beta,3.0,18,0.9499999999999998,165.66286847154691,0.7762500949206321,2775.4088751226604,0.0,0.012453431730354316,0.5940399999999999,0.039999999999999925,0.7749959027426796,33
gap_beta,3.0,19,0.9700000000000001,164.84218761223133,0.7756358991825462,2648.146041991758,0.0,0.023452414504479293,0.6310400000000002,0.07999999999999996,0.7997055146384818,20
gap_beta,3.0,20,0.9499999999999998,170.93280965745683,0.7834505558788004,2789.7539188141836,0.0,0.035555713397312276,0.6415000000000001,0.039999999999999925,0.7806056639031109,120
gap_beta,3.0,21,0.99,161.97509187243242,0.7731830534429129,2846.1779269991707,0.0,0.026672869064293538,0.43916000000000005,0.040000000000000036,0.804635568593446,14
gap_beta,3.0,22,0.9600000000000002,164.00182017449941,0.7637134142489043,2702.95552883473,0.0,0.007836905686909456,0.50742,0.07999999999999996,0.7872239642217169,120
gap_beta,3.0,23,0.9800000000000001,160.25980992105514,0.7628973960165105,2894.70529554149,0.0,0.009782815914888826,0.52472,0.040000000000000036,0.7919814534821044,14
gap_beta,3.0,24,0.9600000000000002,158.74596691850212,0.7623040161298752,2472.622190847086,0.0,0.010233745894504922,0.4632600000000001,0.07999999999999996,0.7823897995766738,113
gap_beta,3.0,25,0.9700000000000001,168.08607754849118,0.7927192227293626,3161.122964363089,0.0,0.00843071982002818,0.4948200000000001,0.040000000000000036,0.7966198628059776,120
gap_beta,3.0,26,0.9700000000000001,165.70163908495402,0.7963980530152306,2750.7678484256803,0.0,0.017351576136842486,0.48638000000000003,0.07999999999999996,0.8010236959735331,23
gap_beta,3.0,27,0.9600000000000002,169.0155803189576,0.7847179690610174,2902.2135196588565,0.0,0.0064712366089111645,0.6327200000000002,0.07999999999999996,0.7835212347117169,40
gap_beta,3.0,28,0.9499999999999998,165.1119909301054,0.7645515034172004,2705.883121166807,0.0,0.019605427603045993,0.36344000000000004,0.07999999999999996,0.7735827127748677,60
gap_beta,3.0,29,0.9600000000000002,168.65355567706155,0.7970570971745644,3059.4390300001605,0.0,0.0038515000899761844,0.54198,0.12000000000000002,0.7943673052246902,41
gap_beta,4.0,0,0.9700000000000001,167.64671761003746,0.7880832421371127,2904.3552522737136,0.0,0.012185722901282175,0.58714,0.07999999999999996,0.8031507169420727,43
gap_beta,4.0,1,0.945,163.50278342169082,0.790102806275671,2794.2609877236655,0.0,0.019023858427365103,0.4503500000000001,0.16000000000000006,0.7866366679285496,64
gap_beta,4.0,2,0.9600000000000002,164.85951566614045,0.7740762626255245,2788.1302913234094,0.0,0.01786625723343506,0.48007999999999995,0.16000000000000006,0.792816589731132,29
gap_beta,4.0,3,0.9600000000000002,164.17304731928746,0.7722167986471167,2955.842219258125,0.0,0.00517300024753586,0.50692,0.12000000000000002,0.7912557436508187,20
gap_beta,4.0,4,0.93,167.19126988555686,0.7687622219423846,2720.592868738785,0.0,0.004575804684287215,0.4648600000000001,0.12000000000000002,0.7748320224060471,15
gap_beta,4.0,5,0.9600000000000002,159.65303853775987,0.7688028431539922,2682.1835762187525,0.0,0.006142160444751956,0.4964400000000001,0.07999999999999996,0.7942868378273176,113
gap_beta,4.0,6,0.9800000000000001,160.72553398195925,0.7536240396313965,2773.416399563305,0.0,0.012200643850995778,0.4721,0.040000000000000036,0.7926893281652342,33
gap_beta,4.0,7,0.9630000000000001,154.64760103787614,0.7802635565732188,2865.3755409790347,0.1933460868519238,0.006397898647631878,0.49467,0.06799999999999998,0.7914268636281865,27
gap_beta,4.0,8,0.9800000000000001,161.6420462880651,0.7796248998045476,2980.912204774743,0.0,0.006498734555422099,0.52956,0.040000000000000036,0.7994631011837126,34
gap_beta,4.0,9,0.9700000000000001,158.75886526627292,0.79138261144493,3019.497104114759,0.0,0.006371655279715513,0.51196,0.07999999999999996,0.8099152184562616,72
gap_beta,4.0,10,0.99,154.02343476227918,0.765463084063221,2825.49339859735,0.0,0.007407168320824081,0.5933999999999999,0.040000000000000036,0.7948131545289028,120
gap_beta,4.0,11,0.9700000000000001,169.39343975991127,0.7768634234459599,2890.724668578701,0.0,0.008627585747948124,0.5418399999999999,0.07999999999999996,0.7950742732019298,23
gap_beta,4.0,12,0.9700000000000001,164.38829303461208,0.8036303349896986,2987.0330501253625,0.0,0.008536525220786498,0.46304000000000006,0.07999999999999996,0.8064951441988762,35
gap_beta,4.0,13,0.9800000000000001,165.70986308004893,0.7672048978853285,2723.877217305101,0.0,0.00522105488674029,0.5168200000000001,0.040000000000000036,0.7924612686754944,42
gap_beta,4.0,14,0.9499999999999998,166.59088172066382,0.7875127012022025,2990.2938776059373,0.0,0.023774853092258522,0.51162,0.07999999999999996,0.7857019931956037,34
gap_beta,4.0,15,0.9800000000000001,163.0818178217753,0.7761300703160916,3049.010476826497,0.0,0.009552630117545504,0.4687200000000001,0.040000000000000036,0.8035110865491859,82
gap_beta,4.0,16,0.9800000000000001,161.13472292990087,0.7780231390107633,2830.673157098754,0.0,0.009537323854193354,0.5119,0.040000000000000036,0.8058928562105818,14
gap_beta,4.0,17,0.9600000000000002,159.96656870192083,0.7626977020664956,2752.0123483958764,0.0,0.004753001666106783,0.54018,0.12000000000000002,0.7919988754567877,113
gap_beta,4.0,18,0.9499999999999998,160.04490281539722,0.7762500949206321,2775.4088751226604,0.0,0.012453431730354316,0.5940399999999999,0.039999999999999925,0.7795021417343239,33
gap_beta,4.0,19,0.9700000000000001,160.54488640045906,0.775912755109931,2648.8935240404217,0.0,0.023450170166738095,0.62448,0.07999999999999996,0.8028641707017206,20
gap_beta,4.0,20,0.9499999999999998,166.73354819663314,0.7825442936604502,2791.7657406477424,0.0,0.03555580497778932,0.6415000000000001,0.039999999999999925,0.7835134875584402,120
gap_beta,4.0,21,0.99,157.77973437109893,0.7731944116867334,2846.049759453442,0.0,0.02668703666018001,0.43916000000000005,0.040000000000000036,0.8078072107979837,14
gap_beta,4.0,22,0.9600000000000002,160.1917362006239,0.7637134142489043,2702.95552883473,0.0,0.007836905686909456,0.50742,0.07999999999999996,0.7900557073804675,120
gap_beta,4.0,23,0.9800000000000001,156.2156334645921,0.7630840723740901,2891.6603726043204,0.0,0.009782823347348157,0.52472,0.040000000000000036,0.7952400482984341,14
gap_beta,4.0,24,0.9600000000000002,152.1553655966985,0.7617799303972607,2477.4221951201785,0.0,0.01025226155243706,0.4622800000000001,0.07999999999999996,0.7874763089369157,113
gap_beta,4.0,25,0.9700000000000001,162.04336358700476,0.7927192227293626,3161.122964363089,0.0,0.00843071982002818,0.4948200000000001,0.040000000000000036,0.8011566406371224,120
gap_beta,4.0,26,0.9700000000000001,160.92367823852948,0.7963980530152306,2750.7678484256803,0.0,0.017351576136842486,0.48638000000000003,0.07999999999999996,0.8045673503532758,23
gap_beta,4.0,27,0.9600000000000002,162.65805770483115,0.7847179690610174,2902.2135196588565,0.0,0.0064712366089111645,0.6327200000000002,0.07999999999999996,0.7884823612983519,40
gap_beta,4.0,28,0.9499999999999998,161.2611803402927,0.7645515034172004,2705.883121166807,0.0,0.019605427603045993,0.36344000000000004,0.07999999999999996,0.7766328624325358,60
gap_beta,4.0,29,0.9600000000000002,163.9706693257843,0.7970570971745644,3059.4390300001605,0.0,0.0038515000899761844,0.54198,0.12000000000000002,0.7978311407701874,41
gap_beta,5.0,0,0.9700000000000001,162.74637470191306,0.7880832421371127,2904.3552522737136,0.0,0.012185722901282175,0.58714,0.07999999999999996,0.8066078825853253,43
gap_beta,5.0,1,0.945,157.71002110858973,0.790102806275671,2794.2609877236655,0.0,0.019023858427365103,0.4503500000000001,0.16000000000000006,0.7909910695736554,64
gap_beta,5.0,2,0.9600000000000002,159.73862159364302,0.7740762626255245,2788.1302913234094,0.0,0.01786625723343506,0.48007999999999995,0.16000000000000006,0.7965255478591309,29
gap_beta,5.0,3,0.9600000000000002,158.4200494023659,0.7722167986471167,2955.842219258125,0.0,0.00517300024753586,0.50692,0.12000000000000002,0.7954751660027517,20
gap_beta,5.0,4,0.9200000000000002,165.6523174503368,0.7682772706411607,2690.591149380211,0.0,0.004609534433774308,0.46221999999999996,0.07999999999999996,0.7707983500945825,15
gap_beta,5.0,5,0.9600000000000002,154.30441425796786,0.7688028431539922,2682.1835762187525,0.0,0.006142160444751956,0.4964400000000001,0.07999999999999996,0.7981848504688237,113
gap_beta,5.0,6,0.9800000000000001,156.51260746331215,0.7536240396313965,2773.416399563305,0.0,0.012200643850995778,0.4721,0.040000000000000036,0.7959238323605689,33
gap_beta,5.0,7,0.9630000000000001,147.02206843226855,0.7802635565732188,2865.3755409790347,0.1933460868519238,0.006397898647631878,0.49467,0.06799999999999998,0.7975486233393668,27
gap_beta,5.0,8,0.9800000000000001,155.53271850844965,0.7796248998045476,2980.912204774743,0.0,0.006498734555422099,0.52956,0.040000000000000036,0.8041680374815833,34
gap_beta,5.0,9,0.9700000000000001,152.63399704523002,0.79138261144493,3019.497104114759,0.0,0.006371655279715513,0.51196,0.07999999999999996,0.8142553724643419,72
gap_beta,5.0,10,0.99,146.16582326886632,0.765463084063221,2825.49339859735,0.0,0.007407168320824081,0.5933999999999999,0.040000000000000036,0.8014363055827112,120
gap_beta,5.0,11,0.9700000000000001,165.32645914587243,0.7768634234459599,2890.724668578701,0.0,0.008627585747948124,0.5418399999999999,0.07999999999999996,0.7980270452776352,23
gap_beta,5.0,12,0.9700000000000001,157.21651784040503,0.8036291084523283,2987.0478365185627,0.0,0.008536463373100503,0.46304000000000006,0.07999999999999996,0.8117123456505585,35
gap_beta,5.0,13,0.9800000000000001,161.28134846082236,0.7672048978853285,2723.877217305101,0.0,0.00522105488674029,0.5168200000000001,0.040000000000000036,0.7958754293599039,42
gap_beta,5.0,14,0.9499999999999998,161.20343741762355,0.7875127012022025,2990.2938776059373,0.0,0.023774853092258522,0.51162,0.07999999999999996,0.7897622181526918,34
gap_beta,5.0,15,0.9800000000000001,158.46531254401913,0.7761300703160916,3049.010476826497,0.0,0.009552630117545504,0.4687200000000001,0.040000000000000036,0.8068889053432965,82
gap_beta,5.0,16,0.9800000000000001,154.728547357084,0.7780231390107633,2830.673157098754,0.0,0.009537323854193354,0.5119,0.040000000000000036,0.8105654225036087,14
gap_beta,5.0,17,0.9600000000000002,156.0626118826662,0.7626977020664956,2752.0123483958764,0.0,0.004753001666106783,0.54018,0.12000000000000002,0.7948496017326893,113
gap_beta,5.0,18,0.9499999999999998,153.68684587520391,0.7762500949206321,2775.4088751226604,0.0,0.012453431730354316,0.5940399999999999,0.039999999999999925,0.7846020170003165,33
gap_beta,5.0,19,0.9700000000000001,155.6746931669649,0.775912755109931,2648.8935240404217,0.0,0.023450170166738095,0.62448,0.07999999999999996,0.806349960182585,20
gap_beta,5.0,20,0.9499999999999998,160.97268230566686,0.7825442936604502,2791.7657406477424,0.0,0.03555580497778932,0.6415000000000001,0.039999999999999925,0.7878756447551073,120
gap_beta,5.0,21,0.99,152.9992617348154,0.7731944116867334,2846.049759453442,0.0,0.02668703666018001,0.43916000000000005,0.040000000000000036,0.8114173106040482,14
gap_beta,5.0,22,0.9600000000000002,156.0743364959419,0.7639537525113225,2703.3302726602415,0.0,0.007836912843839286,0.50742,0.07999999999999996,0.7931879562290766,120
gap_beta,5.0,23,0.9800000000000001,150.4273367481972,0.7630840723740901,2891.6603726043204,0.0,0.009782823347348157,0.52472,0.040000000000000036,0.799823655506209,14
gap_beta,5.0,24,0.9600000000000002,143.71575545041225,0.7617799303972607,2477.4221951201785,0.0,0.01025226155243706,0.4622800000000001,0.07999999999999996,0.7941910800729248,113
gap_beta,5.0,25,0.9700000000000001,154.85053302123134,0.7924638121757372,3157.981694632146,0.0,0.008430713766975045,0.4948200000000001,0.040000000000000036,0.8064802853729406,120
gap_beta,5.0,26,0.9700000000000001,155.44650360970135,0.7963980530152306,2750.7678484256803,0.0,0.017351576136842486,0.48638000000000003,0.07999999999999996,0.808629588300786,23
gap_beta,5.0,27,0.9600000000000002,155.37016592766182,0.7847179690610174,2902.2135196588565,0.0,0.0064712366089111645,0.6327200000000002,0.07999999999999996,0.7941695064098604,40
gap_beta,5.0,28,0.9499999999999998,156.05578536123625,0.7640997487353,2703.385930557803,0.0,0.019575893539939895,0.37456000000000006,0.07999999999999996,0.7806205435497053,60
gap_beta,5.0,29,0.9600000000000002,158.8604968451337,0.7959219182370626,3065.1040776903455,0.0,0.003785309162691236,0.53526,0.12000000000000002,0.8012704968505157,40
